2026.06.22 14:28:01 INFO  Started: Metals version 1.6.7 in folders '/mnt/c/Users/Vivobook Pro/Documents/HEIG-VD/TB/travail_de_bachelor/project/play-java-seed' for client Visual Studio Code 1.125.0.[0m
2026.06.22 14:28:01 INFO  Memory monitor started[0m
2026.06.22 14:28:03 WARN  Using H2 2.4.240 which is newer than the version Flyway has been verified with. The latest verified version of H2 is 2.3.232.[0m
Jun 22, 2026 2:29:30 PM org.eclipse.lsp4j.jsonrpc.services.GenericEndpoint notify
INFO: Unsupported notification method: $/setTrace
Jun 22, 2026 2:29:31 PM org.eclipse.lsp4j.jsonrpc.services.GenericEndpoint notify
INFO: Unsupported notification method: $/setTrace
2026.06.22 14:30:28 WARN  no build target for: /mnt/c/Users/Vivobook Pro/Documents/HEIG-VD/TB/travail_de_bachelor/project/play-java-seed/test/model/repositories/loginRepositoriesTest.java[0m
2026.06.22 14:30:29 WARN  Running javac-semanticdb failed for file:///mnt/c/Users/Vivobook%20Pro/Documents/HEIG-VD/TB/travail_de_bachelor/project/play-java-seed/test/model/repositories/loginRepositoriesTest.java. Output:
[0m
2026.06.22 14:30:33 INFO  no build target found for /mnt/c/Users/Vivobook Pro/Documents/HEIG-VD/TB/travail_de_bachelor/project/play-java-seed/test/model/repositories/loginRepositoriesTest.java. Using fallback presentation compiler.[0m
2026.06.22 14:30:33 INFO  no build target found for /mnt/c/Users/Vivobook Pro/Documents/HEIG-VD/TB/travail_de_bachelor/project/play-java-seed/test/model/repositories/loginRepositoriesTest.java. Using fallback presentation compiler.[0m
2026.06.22 14:30:33 INFO  no build target found for /mnt/c/Users/Vivobook Pro/Documents/HEIG-VD/TB/travail_de_bachelor/project/play-java-seed/build.sbt. Using presentation compiler with project's scala-library version: 3.3.7[0m
2026.06.22 14:30:33 WARN  no build target for: /mnt/c/Users/Vivobook Pro/Documents/HEIG-VD/TB/travail_de_bachelor/project/play-java-seed/build.sbt[0m
2026.06.22 14:30:33 WARN  no build target for: /mnt/c/Users/Vivobook Pro/Documents/HEIG-VD/TB/travail_de_bachelor/project/play-java-seed/app/model/repositories/loginRepository.java[0m
2026.06.22 14:30:41 WARN  Running javac-semanticdb failed for file:///mnt/c/Users/Vivobook%20Pro/Documents/HEIG-VD/TB/travail_de_bachelor/project/play-java-seed/app/model/repositories/loginRepository.java. Output:
[0m
2026.06.22 14:30:41 INFO  no build target found for /mnt/c/Users/Vivobook Pro/Documents/HEIG-VD/TB/travail_de_bachelor/project/play-java-seed/app/model/repositories/loginRepository.java. Using fallback presentation compiler.[0m
2026.06.22 14:30:41 INFO  Created report: Optional[file:///mnt/c/Users/Vivobook%20Pro/Documents/HEIG-VD/TB/travail_de_bachelor/project/play-java-seed/test/model/repositories/loginRepositoriesTest.java][0m
2026.06.22 14:30:41 INFO  Created report: Optional[file:///mnt/c/Users/Vivobook%20Pro/Documents/HEIG-VD/TB/travail_de_bachelor/project/play-java-seed/test/model/repositories/loginRepositoriesTest.java][0m
2026.06.22 14:30:41 INFO  empty definition using pc, found symbol in pc: org/junit/jupiter/api/BeforeAll# (full report at: "/mnt/c/Users/Vivobook Pro/Documents/HEIG-VD/TB/travail_de_bachelor/project/play-java-seed/.metals/.reports/metals-full/2026-06-22/r_empty-definition_14-30-41-808.md")[0m
2026.06.22 14:30:41 INFO  empty definition using pc, found symbol in pc: org/testcontainers/containers/PostgreSQLContainer# (full report at: "/mnt/c/Users/Vivobook Pro/Documents/HEIG-VD/TB/travail_de_bachelor/project/play-java-seed/.metals/.reports/metals-full/2026-06-22/r_empty-definition_14-30-41-807.md")[0m
2026.06.22 14:30:44 INFO  no build target found for /mnt/c/Users/Vivobook Pro/Documents/HEIG-VD/TB/travail_de_bachelor/project/play-java-seed/test/model/repositories/loginRepositoriesTest.java. Using fallback presentation compiler.[0m
2026.06.22 14:30:44 WARN  no build target for: /mnt/c/Users/Vivobook Pro/Documents/HEIG-VD/TB/travail_de_bachelor/project/play-java-seed/test/model/repositories/loginRepositoriesTest.java[0m
Jun 22, 2026 2:30:44 PM org.eclipse.lsp4j.jsonrpc.RemoteEndpoint handleCancellation
WARNING: Unmatched cancel notification for request id 6
2026.06.22 14:30:44 INFO  no build target found for /mnt/c/Users/Vivobook Pro/Documents/HEIG-VD/TB/travail_de_bachelor/project/play-java-seed/test/model/repositories/loginRepositoriesTest.java. Using fallback presentation compiler.[0m
2026.06.22 14:30:44 INFO  no build target found for /mnt/c/Users/Vivobook Pro/Documents/HEIG-VD/TB/travail_de_bachelor/project/play-java-seed/test/model/repositories/loginRepositoriesTest.java. Using fallback presentation compiler.[0m
2026.06.22 14:30:46 WARN  no build target for: /mnt/c/Users/Vivobook Pro/Documents/HEIG-VD/TB/travail_de_bachelor/project/play-java-seed/app/model/entities/User.java[0m
2026.06.22 14:30:46 WARN  Running javac-semanticdb failed for file:///mnt/c/Users/Vivobook%20Pro/Documents/HEIG-VD/TB/travail_de_bachelor/project/play-java-seed/app/model/entities/User.java. Output:
[0m
2026.06.22 14:30:47 INFO  no build target found for /mnt/c/Users/Vivobook Pro/Documents/HEIG-VD/TB/travail_de_bachelor/project/play-java-seed/test/controllers/HomeControllerTest.java. Using fallback presentation compiler.[0m
2026.06.22 14:30:47 WARN  no build target for: /mnt/c/Users/Vivobook Pro/Documents/HEIG-VD/TB/travail_de_bachelor/project/play-java-seed/test/controllers/HomeControllerTest.java[0m
2026.06.22 14:30:47 WARN  Running javac-semanticdb failed for file:///mnt/c/Users/Vivobook%20Pro/Documents/HEIG-VD/TB/travail_de_bachelor/project/play-java-seed/test/controllers/HomeControllerTest.java. Output:
[0m
Jun 22, 2026 2:30:47 PM org.eclipse.lsp4j.jsonrpc.RemoteEndpoint handleCancellation
WARNING: Unmatched cancel notification for request id 14
2026.06.22 14:30:47 INFO  no build target found for /mnt/c/Users/Vivobook Pro/Documents/HEIG-VD/TB/travail_de_bachelor/project/play-java-seed/test/controllers/HomeControllerTest.java. Using fallback presentation compiler.[0m
2026.06.22 14:30:47 INFO  no build target found for /mnt/c/Users/Vivobook Pro/Documents/HEIG-VD/TB/travail_de_bachelor/project/play-java-seed/test/controllers/HomeControllerTest.java. Using fallback presentation compiler.[0m
2026.06.22 14:30:58 INFO  no build target found for /mnt/c/Users/Vivobook Pro/Documents/HEIG-VD/TB/travail_de_bachelor/project/play-java-seed/test/controllers/HomeControllerTest.java. Using fallback presentation compiler.[0m
2026.06.22 14:30:58 INFO  no build target found for /mnt/c/Users/Vivobook Pro/Documents/HEIG-VD/TB/travail_de_bachelor/project/play-java-seed/test/controllers/HomeControllerTest.java. Using fallback presentation compiler.[0m
2026.06.22 14:31:01 INFO  no build target found for /mnt/c/Users/Vivobook Pro/Documents/HEIG-VD/TB/travail_de_bachelor/project/play-java-seed/test/controllers/HomeControllerTest.java. Using fallback presentation compiler.[0m
2026.06.22 14:31:02 INFO  no build target found for /mnt/c/Users/Vivobook Pro/Documents/HEIG-VD/TB/travail_de_bachelor/project/play-java-seed/test/controllers/HomeControllerTest.java. Using fallback presentation compiler.[0m
2026.06.22 14:31:03 WARN  no build target for: /mnt/c/Users/Vivobook Pro/Documents/HEIG-VD/TB/travail_de_bachelor/project/play-java-seed/app/model/repositories/UserRepo.java[0m
2026.06.22 14:31:03 WARN  Running javac-semanticdb failed for file:///mnt/c/Users/Vivobook%20Pro/Documents/HEIG-VD/TB/travail_de_bachelor/project/play-java-seed/app/model/repositories/UserRepo.java. Output:
[0m
2026.06.22 14:31:03 INFO  no build target found for /mnt/c/Users/Vivobook Pro/Documents/HEIG-VD/TB/travail_de_bachelor/project/play-java-seed/test/controllers/HomeControllerTest.java. Using fallback presentation compiler.[0m
2026.06.22 14:31:18 INFO  no build target found for /mnt/c/Users/Vivobook Pro/Documents/HEIG-VD/TB/travail_de_bachelor/project/play-java-seed/project/plugins.sbt. Using presentation compiler with project's scala-library version: 3.3.7[0m
2026.06.22 14:31:18 WARN  no build target for: /mnt/c/Users/Vivobook Pro/Documents/HEIG-VD/TB/travail_de_bachelor/project/play-java-seed/project/plugins.sbt[0m
2026.06.22 14:31:18 INFO  no build target found for /mnt/c/Users/Vivobook Pro/Documents/HEIG-VD/TB/travail_de_bachelor/project/play-java-seed/test/controllers/HomeControllerTest.java. Using fallback presentation compiler.[0m
2026.06.22 14:32:06 INFO  Shutting down server[0m
2026.06.22 14:32:06 INFO  Memory monitor stopped[0m
2026.06.22 14:32:06 INFO  shutting down Metals[0m
2026.06.22 14:32:06 INFO  Exiting server[0m
2026.06.24 15:55:59 INFO  Started: Metals version 1.6.7 in folders '/mnt/c/Users/Vivobook Pro/Documents/HEIG-VD/TB/travail_de_bachelor/project/play-java-seed' for client Visual Studio Code 1.126.0.[0m
2026.06.24 15:55:59 INFO  Memory monitor started[0m
2026.06.24 15:56:02 WARN  Using H2 2.4.240 which is newer than the version Flyway has been verified with. The latest verified version of H2 is 2.3.232.[0m
2026.06.24 15:56:02 INFO  no build target found for /mnt/c/Users/Vivobook Pro/Documents/HEIG-VD/TB/travail_de_bachelor/project/play-java-seed/app/model/repositories/UserRepo.java. Using fallback presentation compiler.[0m
Jun 24, 2026 3:56:04 PM org.eclipse.lsp4j.jsonrpc.RemoteEndpoint handleCancellation
WARNING: Unmatched cancel notification for request id 2
2026.06.24 15:56:04 INFO  no build target found for /mnt/c/Users/Vivobook Pro/Documents/HEIG-VD/TB/travail_de_bachelor/project/play-java-seed/app/model/repositories/UserRepo.java. Using fallback presentation compiler.[0m
Jun 24, 2026 3:56:05 PM org.eclipse.lsp4j.jsonrpc.services.GenericEndpoint notify
INFO: Unsupported notification method: $/setTrace
Jun 24, 2026 3:56:05 PM org.eclipse.lsp4j.jsonrpc.RemoteEndpoint handleCancellation
WARNING: Unmatched cancel notification for request id 6
2026.06.24 15:56:04 INFO  no build target found for /mnt/c/Users/Vivobook Pro/Documents/HEIG-VD/TB/travail_de_bachelor/project/play-java-seed/app/model/repositories/UserRepo.java. Using fallback presentation compiler.[0m
Jun 24, 2026 3:56:05 PM org.eclipse.lsp4j.jsonrpc.RemoteEndpoint handleCancellation
WARNING: Unmatched cancel notification for request id 8
2026.06.24 15:56:05 INFO  no build target found for /mnt/c/Users/Vivobook Pro/Documents/HEIG-VD/TB/travail_de_bachelor/project/play-java-seed/app/model/repositories/UserRepo.java. Using fallback presentation compiler.[0m
2026.06.24 15:56:05 INFO  no build target found for /mnt/c/Users/Vivobook Pro/Documents/HEIG-VD/TB/travail_de_bachelor/project/play-java-seed/app/model/repositories/UserRepo.java. Using fallback presentation compiler.[0m
Jun 24, 2026 3:56:06 PM org.eclipse.lsp4j.jsonrpc.RemoteEndpoint handleCancellation
WARNING: Unmatched cancel notification for request id 11
2026.06.24 15:56:06 INFO  no build target found for /mnt/c/Users/Vivobook Pro/Documents/HEIG-VD/TB/travail_de_bachelor/project/play-java-seed/app/model/repositories/UserRepo.java. Using fallback presentation compiler.[0m
Jun 24, 2026 3:56:07 PM org.eclipse.lsp4j.jsonrpc.services.GenericEndpoint notify
INFO: Unsupported notification method: $/setTrace
Jun 24, 2026 3:56:07 PM org.eclipse.lsp4j.jsonrpc.RemoteEndpoint handleCancellation
WARNING: Unmatched cancel notification for request id 12
2026.06.24 15:56:07 INFO  no build target found for /mnt/c/Users/Vivobook Pro/Documents/HEIG-VD/TB/travail_de_bachelor/project/play-java-seed/app/model/repositories/UserRepo.java. Using fallback presentation compiler.[0m
Jun 24, 2026 3:56:09 PM org.eclipse.lsp4j.jsonrpc.RemoteEndpoint handleCancellation
WARNING: Unmatched cancel notification for request id 14
2026.06.24 15:56:09 INFO  no build target found for /mnt/c/Users/Vivobook Pro/Documents/HEIG-VD/TB/travail_de_bachelor/project/play-java-seed/app/model/repositories/UserRepo.java. Using fallback presentation compiler.[0m
2026.06.24 15:56:10 INFO  no build target found for /mnt/c/Users/Vivobook Pro/Documents/HEIG-VD/TB/travail_de_bachelor/project/play-java-seed/app/model/repositories/UserRepo.java. Using fallback presentation compiler.[0m
2026.06.24 15:56:13 WARN  no build target for: /mnt/c/Users/Vivobook Pro/Documents/HEIG-VD/TB/travail_de_bachelor/project/play-java-seed/app/model/repositories/UserRepo.java[0m
2026.06.24 15:56:13 WARN  Running javac-semanticdb failed for file:///mnt/c/Users/Vivobook%20Pro/Documents/HEIG-VD/TB/travail_de_bachelor/project/play-java-seed/app/model/repositories/UserRepo.java. Output:
[0m
2026.06.24 15:56:18 INFO  no build target found for /mnt/c/Users/Vivobook Pro/Documents/HEIG-VD/TB/travail_de_bachelor/project/play-java-seed/app/model/repositories/UserRepo.java. Using fallback presentation compiler.[0m
2026.06.24 15:56:18 INFO  no build target found for /mnt/c/Users/Vivobook Pro/Documents/HEIG-VD/TB/travail_de_bachelor/project/play-java-seed/app/model/repositories/UserRepo.java. Using fallback presentation compiler.[0m
2026.06.24 15:56:20 INFO  no build target found for /mnt/c/Users/Vivobook Pro/Documents/HEIG-VD/TB/travail_de_bachelor/project/play-java-seed/app/model/repositories/UserRepo.java. Using fallback presentation compiler.[0m
2026.06.24 15:56:21 INFO  no build target found for /mnt/c/Users/Vivobook Pro/Documents/HEIG-VD/TB/travail_de_bachelor/project/play-java-seed/app/model/repositories/UserRepo.java. Using fallback presentation compiler.[0m
2026.06.24 15:56:21 INFO  no build target found for /mnt/c/Users/Vivobook Pro/Documents/HEIG-VD/TB/travail_de_bachelor/project/play-java-seed/app/model/repositories/UserRepo.java. Using fallback presentation compiler.[0m
2026.06.24 15:56:31 INFO  Shutting down server[0m
2026.06.24 15:56:31 INFO  Memory monitor stopped[0m
2026.06.24 15:56:31 INFO  shutting down Metals[0m
2026.06.24 15:56:31 INFO  Exiting server[0m
2026.07.02 14:43:14 INFO  Started: Metals version 1.6.7 in folders '/mnt/c/Users/Vivobook Pro/Documents/HEIG-VD/TB/travail_de_bachelor/project/play-java-seed' for client Visual Studio Code 1.127.0.[0m
2026.07.02 14:43:14 INFO  Memory monitor started[0m
2026.07.02 14:43:15 WARN  Using H2 2.4.240 which is newer than the version Flyway has been verified with. The latest verified version of H2 is 2.3.232.[0m
2026.07.02 14:43:19 INFO  no build target found for /mnt/c/Users/Vivobook Pro/Documents/HEIG-VD/TB/travail_de_bachelor/project/play-java-seed/app/model/repositories/UserRepo.java. Using fallback presentation compiler.[0m
2026.07.02 14:43:26 WARN  no build target for: /mnt/c/Users/Vivobook Pro/Documents/HEIG-VD/TB/travail_de_bachelor/project/play-java-seed/app/model/repositories/UserRepo.java[0m
2026.07.02 14:43:27 WARN  Running javac-semanticdb failed for file:///mnt/c/Users/Vivobook%20Pro/Documents/HEIG-VD/TB/travail_de_bachelor/project/play-java-seed/app/model/repositories/UserRepo.java. Output:
[0m
Jul 02, 2026 2:43:39 PM org.eclipse.lsp4j.jsonrpc.services.GenericEndpoint notify
INFO: Unsupported notification method: $/setTrace
Jul 02, 2026 2:43:40 PM org.eclipse.lsp4j.jsonrpc.services.GenericEndpoint notify
INFO: Unsupported notification method: $/setTrace
2026.07.04 16:11:16 INFO  Started: Metals version 1.6.7 in folders '/mnt/c/Users/Vivobook Pro/Documents/HEIG-VD/TB/travail_de_bachelor/project/play-java-seed' for client Visual Studio Code 1.127.0.[0m
2026.07.04 16:11:16 INFO  Memory monitor started[0m
2026.07.04 16:11:17 WARN  Using H2 2.4.240 which is newer than the version Flyway has been verified with. The latest verified version of H2 is 2.3.232.[0m
2026.07.04 16:13:55 INFO  no build target found for /mnt/c/Users/Vivobook Pro/Documents/HEIG-VD/TB/travail_de_bachelor/project/play-java-seed/app/model/entities/ShopLevel.java. Using fallback presentation compiler.[0m
2026.07.04 16:13:55 WARN  no build target for: /mnt/c/Users/Vivobook Pro/Documents/HEIG-VD/TB/travail_de_bachelor/project/play-java-seed/app/model/entities/ShopLevel.java[0m
2026.07.04 16:13:55 INFO  no build target found for /mnt/c/Users/Vivobook Pro/Documents/HEIG-VD/TB/travail_de_bachelor/project/play-java-seed/app/model/entities/ShopLevelId.java. Using fallback presentation compiler.[0m
2026.07.04 16:13:55 WARN  no build target for: /mnt/c/Users/Vivobook Pro/Documents/HEIG-VD/TB/travail_de_bachelor/project/play-java-seed/app/model/entities/ShopLevelId.java[0m
2026.07.04 16:13:55 INFO  no build target found for /mnt/c/Users/Vivobook Pro/Documents/HEIG-VD/TB/travail_de_bachelor/project/play-java-seed/app/model/entities/Game.java. Using fallback presentation compiler.[0m
2026.07.04 16:13:56 WARN  no build target for: /mnt/c/Users/Vivobook Pro/Documents/HEIG-VD/TB/travail_de_bachelor/project/play-java-seed/app/model/entities/Game.java[0m
2026.07.04 16:13:56 WARN  Running javac-semanticdb failed for file:///mnt/c/Users/Vivobook%20Pro/Documents/HEIG-VD/TB/travail_de_bachelor/project/play-java-seed/app/model/entities/ShopLevel.java. Output:
[0m
2026.07.04 16:13:55 INFO  no build target found for /mnt/c/Users/Vivobook Pro/Documents/HEIG-VD/TB/travail_de_bachelor/project/play-java-seed/app/model/entities/Pool.java. Using fallback presentation compiler.[0m
2026.07.04 16:13:56 WARN  no build target for: /mnt/c/Users/Vivobook Pro/Documents/HEIG-VD/TB/travail_de_bachelor/project/play-java-seed/app/model/entities/Pool.java[0m
2026.07.04 16:13:56 WARN  Running javac-semanticdb failed for file:///mnt/c/Users/Vivobook%20Pro/Documents/HEIG-VD/TB/travail_de_bachelor/project/play-java-seed/app/model/entities/Game.java. Output:
[0m
2026.07.04 16:13:56 WARN  Running javac-semanticdb failed for file:///mnt/c/Users/Vivobook%20Pro/Documents/HEIG-VD/TB/travail_de_bachelor/project/play-java-seed/app/model/entities/ShopLevelId.java. Output:
[0m
2026.07.04 16:13:55 INFO  no build target found for /mnt/c/Users/Vivobook Pro/Documents/HEIG-VD/TB/travail_de_bachelor/project/play-java-seed/app/model/entities/PoolEntry.java. Using fallback presentation compiler.[0m
2026.07.04 16:13:56 WARN  no build target for: /mnt/c/Users/Vivobook Pro/Documents/HEIG-VD/TB/travail_de_bachelor/project/play-java-seed/app/model/entities/PoolEntry.java[0m
2026.07.04 16:13:56 WARN  Running javac-semanticdb failed for file:///mnt/c/Users/Vivobook%20Pro/Documents/HEIG-VD/TB/travail_de_bachelor/project/play-java-seed/app/model/entities/Pool.java. Output:
[0m
2026.07.04 16:13:56 WARN  Running javac-semanticdb failed for file:///mnt/c/Users/Vivobook%20Pro/Documents/HEIG-VD/TB/travail_de_bachelor/project/play-java-seed/app/model/entities/PoolEntry.java. Output:
[0m
2026.07.04 16:13:57 INFO  no build target found for /mnt/c/Users/Vivobook Pro/Documents/HEIG-VD/TB/travail_de_bachelor/project/play-java-seed/app/model/entities/PoolEntryId.java. Using fallback presentation compiler.[0m
2026.07.04 16:13:56 WARN  no build target for: /mnt/c/Users/Vivobook Pro/Documents/HEIG-VD/TB/travail_de_bachelor/project/play-java-seed/app/model/entities/PoolEntryId.java[0m
2026.07.04 16:13:56 WARN  Running javac-semanticdb failed for file:///mnt/c/Users/Vivobook%20Pro/Documents/HEIG-VD/TB/travail_de_bachelor/project/play-java-seed/app/model/entities/PoolEntryId.java. Output:
[0m
2026.07.04 16:13:57 INFO  no build target found for /mnt/c/Users/Vivobook Pro/Documents/HEIG-VD/TB/travail_de_bachelor/project/play-java-seed/app/model/entities/Team.java. Using fallback presentation compiler.[0m
2026.07.04 16:13:56 WARN  no build target for: /mnt/c/Users/Vivobook Pro/Documents/HEIG-VD/TB/travail_de_bachelor/project/play-java-seed/app/model/entities/Team.java[0m
2026.07.04 16:13:57 WARN  Running javac-semanticdb failed for file:///mnt/c/Users/Vivobook%20Pro/Documents/HEIG-VD/TB/travail_de_bachelor/project/play-java-seed/app/model/entities/Team.java. Output:
[0m
2026.07.04 16:13:57 INFO  no build target found for /mnt/c/Users/Vivobook Pro/Documents/HEIG-VD/TB/travail_de_bachelor/project/play-java-seed/app/model/entities/TeamsShop.java. Using fallback presentation compiler.[0m
2026.07.04 16:13:57 WARN  no build target for: /mnt/c/Users/Vivobook Pro/Documents/HEIG-VD/TB/travail_de_bachelor/project/play-java-seed/app/model/entities/TeamsShop.java[0m
2026.07.04 16:13:57 WARN  Running javac-semanticdb failed for file:///mnt/c/Users/Vivobook%20Pro/Documents/HEIG-VD/TB/travail_de_bachelor/project/play-java-seed/app/model/entities/TeamsShop.java. Output:
[0m
2026.07.04 16:13:57 INFO  no build target found for /mnt/c/Users/Vivobook Pro/Documents/HEIG-VD/TB/travail_de_bachelor/project/play-java-seed/app/model/entities/TeamsShopId.java. Using fallback presentation compiler.[0m
2026.07.04 16:13:57 WARN  no build target for: /mnt/c/Users/Vivobook Pro/Documents/HEIG-VD/TB/travail_de_bachelor/project/play-java-seed/app/model/entities/TeamsShopId.java[0m
2026.07.04 16:13:58 WARN  Running javac-semanticdb failed for file:///mnt/c/Users/Vivobook%20Pro/Documents/HEIG-VD/TB/travail_de_bachelor/project/play-java-seed/app/model/entities/TeamsShopId.java. Output:
[0m
2026.07.04 16:13:58 INFO  no build target found for /mnt/c/Users/Vivobook Pro/Documents/HEIG-VD/TB/travail_de_bachelor/project/play-java-seed/app/model/entities/InstanceUnit.java. Using fallback presentation compiler.[0m
2026.07.04 16:13:58 WARN  no build target for: /mnt/c/Users/Vivobook Pro/Documents/HEIG-VD/TB/travail_de_bachelor/project/play-java-seed/app/model/entities/InstanceUnit.java[0m
2026.07.04 16:13:58 WARN  Running javac-semanticdb failed for file:///mnt/c/Users/Vivobook%20Pro/Documents/HEIG-VD/TB/travail_de_bachelor/project/play-java-seed/app/model/entities/InstanceUnit.java. Output:
[0m
2026.07.04 16:13:58 INFO  no build target found for /mnt/c/Users/Vivobook Pro/Documents/HEIG-VD/TB/travail_de_bachelor/project/play-java-seed/app/model/entities/GameObject.java. Using fallback presentation compiler.[0m
2026.07.04 16:13:58 WARN  no build target for: /mnt/c/Users/Vivobook Pro/Documents/HEIG-VD/TB/travail_de_bachelor/project/play-java-seed/app/model/entities/GameObject.java[0m
2026.07.04 16:13:58 WARN  Running javac-semanticdb failed for file:///mnt/c/Users/Vivobook%20Pro/Documents/HEIG-VD/TB/travail_de_bachelor/project/play-java-seed/app/model/entities/GameObject.java. Output:
[0m
2026.07.04 16:13:58 INFO  no build target found for /mnt/c/Users/Vivobook Pro/Documents/HEIG-VD/TB/travail_de_bachelor/project/play-java-seed/app/model/entities/TeamsObject.java. Using fallback presentation compiler.[0m
2026.07.04 16:13:58 WARN  no build target for: /mnt/c/Users/Vivobook Pro/Documents/HEIG-VD/TB/travail_de_bachelor/project/play-java-seed/app/model/entities/TeamsObject.java[0m
2026.07.04 16:13:58 WARN  Running javac-semanticdb failed for file:///mnt/c/Users/Vivobook%20Pro/Documents/HEIG-VD/TB/travail_de_bachelor/project/play-java-seed/app/model/entities/TeamsObject.java. Output:
[0m
2026.07.04 16:13:58 INFO  no build target found for /mnt/c/Users/Vivobook Pro/Documents/HEIG-VD/TB/travail_de_bachelor/project/play-java-seed/app/model/entities/TeamsObjectId.java. Using fallback presentation compiler.[0m
2026.07.04 16:13:58 WARN  no build target for: /mnt/c/Users/Vivobook Pro/Documents/HEIG-VD/TB/travail_de_bachelor/project/play-java-seed/app/model/entities/TeamsObjectId.java[0m
2026.07.04 16:13:59 WARN  Running javac-semanticdb failed for file:///mnt/c/Users/Vivobook%20Pro/Documents/HEIG-VD/TB/travail_de_bachelor/project/play-java-seed/app/model/entities/TeamsObjectId.java. Output:
[0m
2026.07.04 16:13:59 INFO  no build target found for /mnt/c/Users/Vivobook Pro/Documents/HEIG-VD/TB/travail_de_bachelor/project/play-java-seed/app/model/entities/InstanceUnitsObject.java. Using fallback presentation compiler.[0m
2026.07.04 16:13:59 WARN  no build target for: /mnt/c/Users/Vivobook Pro/Documents/HEIG-VD/TB/travail_de_bachelor/project/play-java-seed/app/model/entities/InstanceUnitsObject.java[0m
2026.07.04 16:13:59 WARN  Running javac-semanticdb failed for file:///mnt/c/Users/Vivobook%20Pro/Documents/HEIG-VD/TB/travail_de_bachelor/project/play-java-seed/app/model/entities/InstanceUnitsObject.java. Output:
[0m
2026.07.04 16:13:59 INFO  no build target found for /mnt/c/Users/Vivobook Pro/Documents/HEIG-VD/TB/travail_de_bachelor/project/play-java-seed/app/model/entities/InstanceUnitsObjectId.java. Using fallback presentation compiler.[0m
2026.07.04 16:13:58 WARN  no build target for: /mnt/c/Users/Vivobook Pro/Documents/HEIG-VD/TB/travail_de_bachelor/project/play-java-seed/app/model/entities/InstanceUnitsObjectId.java[0m
2026.07.04 16:13:59 WARN  Running javac-semanticdb failed for file:///mnt/c/Users/Vivobook%20Pro/Documents/HEIG-VD/TB/travail_de_bachelor/project/play-java-seed/app/model/entities/InstanceUnitsObjectId.java. Output:
[0m
2026.07.04 16:13:59 INFO  no build target found for /mnt/c/Users/Vivobook Pro/Documents/HEIG-VD/TB/travail_de_bachelor/project/play-java-seed/app/model/entities/Strategie.java. Using fallback presentation compiler.[0m
2026.07.04 16:13:59 WARN  no build target for: /mnt/c/Users/Vivobook Pro/Documents/HEIG-VD/TB/travail_de_bachelor/project/play-java-seed/app/model/entities/Strategie.java[0m
2026.07.04 16:13:58 WARN  Running javac-semanticdb failed for file:///mnt/c/Users/Vivobook%20Pro/Documents/HEIG-VD/TB/travail_de_bachelor/project/play-java-seed/app/model/entities/Strategie.java. Output:
[0m
2026.07.04 16:13:59 INFO  no build target found for /mnt/c/Users/Vivobook Pro/Documents/HEIG-VD/TB/travail_de_bachelor/project/play-java-seed/app/model/entities/AbilityFragment.java. Using fallback presentation compiler.[0m
2026.07.04 16:13:59 WARN  no build target for: /mnt/c/Users/Vivobook Pro/Documents/HEIG-VD/TB/travail_de_bachelor/project/play-java-seed/app/model/entities/AbilityFragment.java[0m
2026.07.04 16:13:59 WARN  Running javac-semanticdb failed for file:///mnt/c/Users/Vivobook%20Pro/Documents/HEIG-VD/TB/travail_de_bachelor/project/play-java-seed/app/model/entities/AbilityFragment.java. Output:
[0m
2026.07.04 16:13:59 INFO  no build target found for /mnt/c/Users/Vivobook Pro/Documents/HEIG-VD/TB/travail_de_bachelor/project/play-java-seed/app/model/entities/Effect.java. Using fallback presentation compiler.[0m
2026.07.04 16:13:59 WARN  no build target for: /mnt/c/Users/Vivobook Pro/Documents/HEIG-VD/TB/travail_de_bachelor/project/play-java-seed/app/model/entities/Effect.java[0m
2026.07.04 16:14:00 WARN  Running javac-semanticdb failed for file:///mnt/c/Users/Vivobook%20Pro/Documents/HEIG-VD/TB/travail_de_bachelor/project/play-java-seed/app/model/entities/Effect.java. Output:
[0m
2026.07.04 16:14:00 INFO  no build target found for /mnt/c/Users/Vivobook Pro/Documents/HEIG-VD/TB/travail_de_bachelor/project/play-java-seed/app/model/entities/ScalingEffect.java. Using fallback presentation compiler.[0m
2026.07.04 16:14:00 WARN  no build target for: /mnt/c/Users/Vivobook Pro/Documents/HEIG-VD/TB/travail_de_bachelor/project/play-java-seed/app/model/entities/ScalingEffect.java[0m
2026.07.04 16:14:00 WARN  Running javac-semanticdb failed for file:///mnt/c/Users/Vivobook%20Pro/Documents/HEIG-VD/TB/travail_de_bachelor/project/play-java-seed/app/model/entities/ScalingEffect.java. Output:
[0m
2026.07.04 16:14:00 INFO  no build target found for /mnt/c/Users/Vivobook Pro/Documents/HEIG-VD/TB/travail_de_bachelor/project/play-java-seed/app/model/entities/DamagingEffect.java. Using fallback presentation compiler.[0m
2026.07.04 16:14:00 WARN  no build target for: /mnt/c/Users/Vivobook Pro/Documents/HEIG-VD/TB/travail_de_bachelor/project/play-java-seed/app/model/entities/DamagingEffect.java[0m
2026.07.04 16:14:00 WARN  Running javac-semanticdb failed for file:///mnt/c/Users/Vivobook%20Pro/Documents/HEIG-VD/TB/travail_de_bachelor/project/play-java-seed/app/model/entities/DamagingEffect.java. Output:
[0m
2026.07.04 16:14:00 INFO  no build target found for /mnt/c/Users/Vivobook Pro/Documents/HEIG-VD/TB/travail_de_bachelor/project/play-java-seed/app/model/entities/HealingEffect.java. Using fallback presentation compiler.[0m
2026.07.04 16:14:01 WARN  no build target for: /mnt/c/Users/Vivobook Pro/Documents/HEIG-VD/TB/travail_de_bachelor/project/play-java-seed/app/model/entities/HealingEffect.java[0m
2026.07.04 16:14:00 WARN  Running javac-semanticdb failed for file:///mnt/c/Users/Vivobook%20Pro/Documents/HEIG-VD/TB/travail_de_bachelor/project/play-java-seed/app/model/entities/HealingEffect.java. Output:
[0m
2026.07.04 16:14:00 INFO  no build target found for /mnt/c/Users/Vivobook Pro/Documents/HEIG-VD/TB/travail_de_bachelor/project/play-java-seed/app/model/entities/StunningEffect.java. Using fallback presentation compiler.[0m
2026.07.04 16:14:00 WARN  no build target for: /mnt/c/Users/Vivobook Pro/Documents/HEIG-VD/TB/travail_de_bachelor/project/play-java-seed/app/model/entities/StunningEffect.java[0m
2026.07.04 16:14:01 WARN  Running javac-semanticdb failed for file:///mnt/c/Users/Vivobook%20Pro/Documents/HEIG-VD/TB/travail_de_bachelor/project/play-java-seed/app/model/entities/StunningEffect.java. Output:
[0m
2026.07.04 16:14:01 INFO  no build target found for /mnt/c/Users/Vivobook Pro/Documents/HEIG-VD/TB/travail_de_bachelor/project/play-java-seed/app/model/entities/StatChangingEffect.java. Using fallback presentation compiler.[0m
2026.07.04 16:14:01 WARN  no build target for: /mnt/c/Users/Vivobook Pro/Documents/HEIG-VD/TB/travail_de_bachelor/project/play-java-seed/app/model/entities/StatChangingEffect.java[0m
2026.07.04 16:14:01 WARN  Running javac-semanticdb failed for file:///mnt/c/Users/Vivobook%20Pro/Documents/HEIG-VD/TB/travail_de_bachelor/project/play-java-seed/app/model/entities/StatChangingEffect.java. Output:
[0m
2026.07.04 16:14:01 INFO  no build target found for /mnt/c/Users/Vivobook Pro/Documents/HEIG-VD/TB/travail_de_bachelor/project/play-java-seed/app/model/entities/AbilitysEffect.java. Using fallback presentation compiler.[0m
2026.07.04 16:14:01 WARN  no build target for: /mnt/c/Users/Vivobook Pro/Documents/HEIG-VD/TB/travail_de_bachelor/project/play-java-seed/app/model/entities/AbilitysEffect.java[0m
2026.07.04 16:14:01 WARN  Running javac-semanticdb failed for file:///mnt/c/Users/Vivobook%20Pro/Documents/HEIG-VD/TB/travail_de_bachelor/project/play-java-seed/app/model/entities/AbilitysEffect.java. Output:
[0m
2026.07.04 16:14:01 INFO  no build target found for /mnt/c/Users/Vivobook Pro/Documents/HEIG-VD/TB/travail_de_bachelor/project/play-java-seed/app/model/entities/AbilitysEffectId.java. Using fallback presentation compiler.[0m
2026.07.04 16:14:01 WARN  no build target for: /mnt/c/Users/Vivobook Pro/Documents/HEIG-VD/TB/travail_de_bachelor/project/play-java-seed/app/model/entities/AbilitysEffectId.java[0m
2026.07.04 16:14:01 WARN  Running javac-semanticdb failed for file:///mnt/c/Users/Vivobook%20Pro/Documents/HEIG-VD/TB/travail_de_bachelor/project/play-java-seed/app/model/entities/AbilitysEffectId.java. Output:
[0m
2026.07.04 16:14:01 INFO  no build target found for /mnt/c/Users/Vivobook Pro/Documents/HEIG-VD/TB/travail_de_bachelor/project/play-java-seed/app/model/entities/Round.java. Using fallback presentation compiler.[0m
2026.07.04 16:14:02 WARN  no build target for: /mnt/c/Users/Vivobook Pro/Documents/HEIG-VD/TB/travail_de_bachelor/project/play-java-seed/app/model/entities/Round.java[0m
2026.07.04 16:14:01 WARN  Running javac-semanticdb failed for file:///mnt/c/Users/Vivobook%20Pro/Documents/HEIG-VD/TB/travail_de_bachelor/project/play-java-seed/app/model/entities/Round.java. Output:
[0m
2026.07.04 16:14:01 INFO  no build target found for /mnt/c/Users/Vivobook Pro/Documents/HEIG-VD/TB/travail_de_bachelor/project/play-java-seed/app/model/entities/Event.java. Using fallback presentation compiler.[0m
2026.07.04 16:14:01 WARN  no build target for: /mnt/c/Users/Vivobook Pro/Documents/HEIG-VD/TB/travail_de_bachelor/project/play-java-seed/app/model/entities/Event.java[0m
2026.07.04 16:14:01 WARN  Running javac-semanticdb failed for file:///mnt/c/Users/Vivobook%20Pro/Documents/HEIG-VD/TB/travail_de_bachelor/project/play-java-seed/app/model/entities/Event.java. Output:
[0m
2026.07.04 16:14:02 INFO  no build target found for /mnt/c/Users/Vivobook Pro/Documents/HEIG-VD/TB/travail_de_bachelor/project/play-java-seed/app/model/entities/LevelingEvent.java. Using fallback presentation compiler.[0m
2026.07.04 16:14:02 WARN  no build target for: /mnt/c/Users/Vivobook Pro/Documents/HEIG-VD/TB/travail_de_bachelor/project/play-java-seed/app/model/entities/LevelingEvent.java[0m
2026.07.04 16:14:02 WARN  Running javac-semanticdb failed for file:///mnt/c/Users/Vivobook%20Pro/Documents/HEIG-VD/TB/travail_de_bachelor/project/play-java-seed/app/model/entities/LevelingEvent.java. Output:
[0m
2026.07.04 16:14:02 INFO  no build target found for /mnt/c/Users/Vivobook Pro/Documents/HEIG-VD/TB/travail_de_bachelor/project/play-java-seed/app/model/entities/LosingHealthEvent.java. Using fallback presentation compiler.[0m
2026.07.04 16:14:02 WARN  no build target for: /mnt/c/Users/Vivobook Pro/Documents/HEIG-VD/TB/travail_de_bachelor/project/play-java-seed/app/model/entities/LosingHealthEvent.java[0m
2026.07.04 16:14:02 WARN  Running javac-semanticdb failed for file:///mnt/c/Users/Vivobook%20Pro/Documents/HEIG-VD/TB/travail_de_bachelor/project/play-java-seed/app/model/entities/LosingHealthEvent.java. Output:
[0m
2026.07.04 16:14:02 INFO  no build target found for /mnt/c/Users/Vivobook Pro/Documents/HEIG-VD/TB/travail_de_bachelor/project/play-java-seed/app/model/entities/ChangingGoldEvent.java. Using fallback presentation compiler.[0m
2026.07.04 16:14:03 WARN  no build target for: /mnt/c/Users/Vivobook Pro/Documents/HEIG-VD/TB/travail_de_bachelor/project/play-java-seed/app/model/entities/ChangingGoldEvent.java[0m
2026.07.04 16:14:03 WARN  Running javac-semanticdb failed for file:///mnt/c/Users/Vivobook%20Pro/Documents/HEIG-VD/TB/travail_de_bachelor/project/play-java-seed/app/model/entities/ChangingGoldEvent.java. Output:
[0m
2026.07.04 16:14:02 INFO  no build target found for /mnt/c/Users/Vivobook Pro/Documents/HEIG-VD/TB/travail_de_bachelor/project/play-java-seed/app/model/entities/ChangingShopEvent.java. Using fallback presentation compiler.[0m
2026.07.04 16:14:02 WARN  no build target for: /mnt/c/Users/Vivobook Pro/Documents/HEIG-VD/TB/travail_de_bachelor/project/play-java-seed/app/model/entities/ChangingShopEvent.java[0m
2026.07.04 16:14:03 WARN  Running javac-semanticdb failed for file:///mnt/c/Users/Vivobook%20Pro/Documents/HEIG-VD/TB/travail_de_bachelor/project/play-java-seed/app/model/entities/ChangingShopEvent.java. Output:
[0m
2026.07.04 16:14:02 INFO  no build target found for /mnt/c/Users/Vivobook Pro/Documents/HEIG-VD/TB/travail_de_bachelor/project/play-java-seed/app/model/entities/ChangingShopsUnit.java. Using fallback presentation compiler.[0m
2026.07.04 16:14:02 WARN  no build target for: /mnt/c/Users/Vivobook Pro/Documents/HEIG-VD/TB/travail_de_bachelor/project/play-java-seed/app/model/entities/ChangingShopsUnit.java[0m
2026.07.04 16:14:03 WARN  Running javac-semanticdb failed for file:///mnt/c/Users/Vivobook%20Pro/Documents/HEIG-VD/TB/travail_de_bachelor/project/play-java-seed/app/model/entities/ChangingShopsUnit.java. Output:
[0m
2026.07.04 16:14:03 INFO  no build target found for /mnt/c/Users/Vivobook Pro/Documents/HEIG-VD/TB/travail_de_bachelor/project/play-java-seed/app/model/entities/ChangingShopsUnitId.java. Using fallback presentation compiler.[0m
2026.07.04 16:14:03 WARN  no build target for: /mnt/c/Users/Vivobook Pro/Documents/HEIG-VD/TB/travail_de_bachelor/project/play-java-seed/app/model/entities/ChangingShopsUnitId.java[0m
2026.07.04 16:14:03 WARN  Running javac-semanticdb failed for file:///mnt/c/Users/Vivobook%20Pro/Documents/HEIG-VD/TB/travail_de_bachelor/project/play-java-seed/app/model/entities/ChangingShopsUnitId.java. Output:
[0m
2026.07.04 16:14:03 INFO  no build target found for /mnt/c/Users/Vivobook Pro/Documents/HEIG-VD/TB/travail_de_bachelor/project/play-java-seed/app/model/entities/UnitEvent.java. Using fallback presentation compiler.[0m
2026.07.04 16:14:03 WARN  no build target for: /mnt/c/Users/Vivobook Pro/Documents/HEIG-VD/TB/travail_de_bachelor/project/play-java-seed/app/model/entities/UnitEvent.java[0m
2026.07.04 16:14:03 WARN  Running javac-semanticdb failed for file:///mnt/c/Users/Vivobook%20Pro/Documents/HEIG-VD/TB/travail_de_bachelor/project/play-java-seed/app/model/entities/UnitEvent.java. Output:
[0m
2026.07.04 16:14:03 INFO  no build target found for /mnt/c/Users/Vivobook Pro/Documents/HEIG-VD/TB/travail_de_bachelor/project/play-java-seed/app/model/entities/BuyUnitEvent.java. Using fallback presentation compiler.[0m
2026.07.04 16:14:03 WARN  no build target for: /mnt/c/Users/Vivobook Pro/Documents/HEIG-VD/TB/travail_de_bachelor/project/play-java-seed/app/model/entities/BuyUnitEvent.java[0m
2026.07.04 16:14:04 WARN  Running javac-semanticdb failed for file:///mnt/c/Users/Vivobook%20Pro/Documents/HEIG-VD/TB/travail_de_bachelor/project/play-java-seed/app/model/entities/BuyUnitEvent.java. Output:
[0m
2026.07.04 16:14:03 INFO  no build target found for /mnt/c/Users/Vivobook Pro/Documents/HEIG-VD/TB/travail_de_bachelor/project/play-java-seed/app/model/entities/SellUnitEvent.java. Using fallback presentation compiler.[0m
2026.07.04 16:14:04 WARN  no build target for: /mnt/c/Users/Vivobook Pro/Documents/HEIG-VD/TB/travail_de_bachelor/project/play-java-seed/app/model/entities/SellUnitEvent.java[0m
2026.07.04 16:14:03 WARN  Running javac-semanticdb failed for file:///mnt/c/Users/Vivobook%20Pro/Documents/HEIG-VD/TB/travail_de_bachelor/project/play-java-seed/app/model/entities/SellUnitEvent.java. Output:
[0m
2026.07.04 16:14:03 INFO  no build target found for /mnt/c/Users/Vivobook Pro/Documents/HEIG-VD/TB/travail_de_bachelor/project/play-java-seed/app/model/entities/ChangingPosEvent.java. Using fallback presentation compiler.[0m
2026.07.04 16:14:04 WARN  no build target for: /mnt/c/Users/Vivobook Pro/Documents/HEIG-VD/TB/travail_de_bachelor/project/play-java-seed/app/model/entities/ChangingPosEvent.java[0m
2026.07.04 16:14:03 WARN  Running javac-semanticdb failed for file:///mnt/c/Users/Vivobook%20Pro/Documents/HEIG-VD/TB/travail_de_bachelor/project/play-java-seed/app/model/entities/ChangingPosEvent.java. Output:
[0m
2026.07.04 16:14:04 INFO  no build target found for /mnt/c/Users/Vivobook Pro/Documents/HEIG-VD/TB/travail_de_bachelor/project/play-java-seed/app/model/entities/ChangingUnitObjectEvent.java. Using fallback presentation compiler.[0m
2026.07.04 16:14:04 WARN  no build target for: /mnt/c/Users/Vivobook Pro/Documents/HEIG-VD/TB/travail_de_bachelor/project/play-java-seed/app/model/entities/ChangingUnitObjectEvent.java[0m
2026.07.04 16:14:04 WARN  Running javac-semanticdb failed for file:///mnt/c/Users/Vivobook%20Pro/Documents/HEIG-VD/TB/travail_de_bachelor/project/play-java-seed/app/model/entities/ChangingUnitObjectEvent.java. Output:
[0m
2026.07.04 16:14:04 INFO  no build target found for /mnt/c/Users/Vivobook Pro/Documents/HEIG-VD/TB/travail_de_bachelor/project/play-java-seed/app/model/entities/ChangingUnitObjectEventsObject.java. Using fallback presentation compiler.[0m
2026.07.04 16:14:05 WARN  no build target for: /mnt/c/Users/Vivobook Pro/Documents/HEIG-VD/TB/travail_de_bachelor/project/play-java-seed/app/model/entities/ChangingUnitObjectEventsObject.java[0m
2026.07.04 16:14:05 WARN  Running javac-semanticdb failed for file:///mnt/c/Users/Vivobook%20Pro/Documents/HEIG-VD/TB/travail_de_bachelor/project/play-java-seed/app/model/entities/ChangingUnitObjectEventsObject.java. Output:
[0m
2026.07.04 16:14:04 INFO  no build target found for /mnt/c/Users/Vivobook Pro/Documents/HEIG-VD/TB/travail_de_bachelor/project/play-java-seed/app/model/entities/ChangingUnitObjectEventsObjectId.java. Using fallback presentation compiler.[0m
2026.07.04 16:14:04 WARN  no build target for: /mnt/c/Users/Vivobook Pro/Documents/HEIG-VD/TB/travail_de_bachelor/project/play-java-seed/app/model/entities/ChangingUnitObjectEventsObjectId.java[0m
2026.07.04 16:14:05 WARN  Running javac-semanticdb failed for file:///mnt/c/Users/Vivobook%20Pro/Documents/HEIG-VD/TB/travail_de_bachelor/project/play-java-seed/app/model/entities/ChangingUnitObjectEventsObjectId.java. Output:
[0m
2026.07.04 16:14:17 WARN  Running javac-semanticdb failed for file:///mnt/c/Users/Vivobook%20Pro/Documents/HEIG-VD/TB/travail_de_bachelor/project/play-java-seed/app/model/entities/Unit.java. Output:
[0m
2026.07.04 16:14:17 INFO  no build target found for /mnt/c/Users/Vivobook Pro/Documents/HEIG-VD/TB/travail_de_bachelor/project/play-java-seed/app/model/entities/Unit.java. Using fallback presentation compiler.[0m
2026.07.04 16:14:17 INFO  no build target found for /mnt/c/Users/Vivobook Pro/Documents/HEIG-VD/TB/travail_de_bachelor/project/play-java-seed/app/model/entities/Unit.java. Using fallback presentation compiler.[0m
2026.07.04 16:14:17 INFO  Created report: Optional[file:///mnt/c/Users/Vivobook%20Pro/Documents/HEIG-VD/TB/travail_de_bachelor/project/play-java-seed/app/model/entities/Unit.java][0m
2026.07.04 16:14:17 INFO  empty definition using pc, found symbol in pc: _empty_/Entity# (full report at: "/mnt/c/Users/Vivobook Pro/Documents/HEIG-VD/TB/travail_de_bachelor/project/play-java-seed/.metals/.reports/metals-full/2026-07-04/r_empty-definition_16-14-17-940.md")[0m
2026.07.04 16:14:17 INFO  Created report: Optional[file:///mnt/c/Users/Vivobook%20Pro/Documents/HEIG-VD/TB/travail_de_bachelor/project/play-java-seed/app/model/entities/Unit.java][0m
2026.07.04 16:14:17 INFO  empty definition using pc, found symbol in pc: _empty_/Table# (full report at: "/mnt/c/Users/Vivobook Pro/Documents/HEIG-VD/TB/travail_de_bachelor/project/play-java-seed/.metals/.reports/metals-full/2026-07-04/r_empty-definition_16-14-18-002.md")[0m
2026.07.04 16:14:17 WARN  Running javac-semanticdb failed for file:///mnt/c/Users/Vivobook%20Pro/Documents/HEIG-VD/TB/travail_de_bachelor/project/play-java-seed/app/model/entities/User.java. Output:
[0m
2026.07.04 16:14:18 INFO  no build target found for /mnt/c/Users/Vivobook Pro/Documents/HEIG-VD/TB/travail_de_bachelor/project/play-java-seed/app/model/entities/User.java. Using fallback presentation compiler.[0m
2026.07.04 16:14:17 INFO  no build target found for /mnt/c/Users/Vivobook Pro/Documents/HEIG-VD/TB/travail_de_bachelor/project/play-java-seed/app/model/entities/User.java. Using fallback presentation compiler.[0m
2026.07.04 16:14:18 INFO  Created report: Optional[file:///mnt/c/Users/Vivobook%20Pro/Documents/HEIG-VD/TB/travail_de_bachelor/project/play-java-seed/app/model/entities/User.java][0m
2026.07.04 16:14:17 INFO  Created report: Optional[file:///mnt/c/Users/Vivobook%20Pro/Documents/HEIG-VD/TB/travail_de_bachelor/project/play-java-seed/app/model/entities/User.java][0m
2026.07.04 16:14:18 INFO  empty definition using pc, found symbol in pc: _empty_/Entity# (full report at: "/mnt/c/Users/Vivobook Pro/Documents/HEIG-VD/TB/travail_de_bachelor/project/play-java-seed/.metals/.reports/metals-full/2026-07-04/r_empty-definition_16-14-18-265.md")[0m
2026.07.04 16:14:17 INFO  empty definition using pc, found symbol in pc: _empty_/Table# (full report at: "/mnt/c/Users/Vivobook Pro/Documents/HEIG-VD/TB/travail_de_bachelor/project/play-java-seed/.metals/.reports/metals-full/2026-07-04/r_empty-definition_16-14-18-281.md")[0m
2026.07.04 16:14:48 INFO  no build target found for /mnt/c/Users/Vivobook Pro/Documents/HEIG-VD/TB/travail_de_bachelor/project/play-java-seed/app/model/entities/Unit.java. Using fallback presentation compiler.[0m
2026.07.04 16:14:48 INFO  no build target found for /mnt/c/Users/Vivobook Pro/Documents/HEIG-VD/TB/travail_de_bachelor/project/play-java-seed/app/model/entities/User.java. Using fallback presentation compiler.[0m
2026.07.04 16:15:38 INFO  no build target found for /mnt/c/Users/Vivobook Pro/Documents/HEIG-VD/TB/travail_de_bachelor/project/play-java-seed/app/model/entities/TeamsObject.java. Using fallback presentation compiler.[0m
2026.07.04 16:15:38 INFO  no build target found for /mnt/c/Users/Vivobook Pro/Documents/HEIG-VD/TB/travail_de_bachelor/project/play-java-seed/app/model/entities/LosingHealthEvent.java. Using fallback presentation compiler.[0m
2026.07.04 16:16:55 INFO  no build target found for /mnt/c/Users/Vivobook Pro/Documents/HEIG-VD/TB/travail_de_bachelor/project/play-java-seed/app/model/entities/ShopLevel.java. Using fallback presentation compiler.[0m
2026.07.04 16:16:55 INFO  no build target found for /mnt/c/Users/Vivobook Pro/Documents/HEIG-VD/TB/travail_de_bachelor/project/play-java-seed/app/model/entities/ShopLevelId.java. Using fallback presentation compiler.[0m
2026.07.04 16:16:55 INFO  no build target found for /mnt/c/Users/Vivobook Pro/Documents/HEIG-VD/TB/travail_de_bachelor/project/play-java-seed/app/model/entities/Game.java. Using fallback presentation compiler.[0m
2026.07.04 16:16:55 INFO  no build target found for /mnt/c/Users/Vivobook Pro/Documents/HEIG-VD/TB/travail_de_bachelor/project/play-java-seed/app/model/entities/Pool.java. Using fallback presentation compiler.[0m
2026.07.04 16:16:56 INFO  no build target found for /mnt/c/Users/Vivobook Pro/Documents/HEIG-VD/TB/travail_de_bachelor/project/play-java-seed/app/model/entities/PoolEntry.java. Using fallback presentation compiler.[0m
2026.07.04 16:16:56 INFO  no build target found for /mnt/c/Users/Vivobook Pro/Documents/HEIG-VD/TB/travail_de_bachelor/project/play-java-seed/app/model/entities/PoolEntryId.java. Using fallback presentation compiler.[0m
2026.07.04 16:16:56 INFO  no build target found for /mnt/c/Users/Vivobook Pro/Documents/HEIG-VD/TB/travail_de_bachelor/project/play-java-seed/app/model/entities/Team.java. Using fallback presentation compiler.[0m
2026.07.04 16:16:56 INFO  no build target found for /mnt/c/Users/Vivobook Pro/Documents/HEIG-VD/TB/travail_de_bachelor/project/play-java-seed/app/model/entities/TeamsShop.java. Using fallback presentation compiler.[0m
2026.07.04 16:16:57 INFO  no build target found for /mnt/c/Users/Vivobook Pro/Documents/HEIG-VD/TB/travail_de_bachelor/project/play-java-seed/app/model/entities/TeamsShopId.java. Using fallback presentation compiler.[0m
2026.07.04 16:16:57 INFO  no build target found for /mnt/c/Users/Vivobook Pro/Documents/HEIG-VD/TB/travail_de_bachelor/project/play-java-seed/app/model/entities/InstanceUnit.java. Using fallback presentation compiler.[0m
2026.07.04 16:16:57 INFO  no build target found for /mnt/c/Users/Vivobook Pro/Documents/HEIG-VD/TB/travail_de_bachelor/project/play-java-seed/app/model/entities/GameObject.java. Using fallback presentation compiler.[0m
2026.07.04 16:16:58 INFO  no build target found for /mnt/c/Users/Vivobook Pro/Documents/HEIG-VD/TB/travail_de_bachelor/project/play-java-seed/app/model/entities/TeamsObjectId.java. Using fallback presentation compiler.[0m
2026.07.04 16:16:58 INFO  no build target found for /mnt/c/Users/Vivobook Pro/Documents/HEIG-VD/TB/travail_de_bachelor/project/play-java-seed/app/model/entities/InstanceUnitsObject.java. Using fallback presentation compiler.[0m
2026.07.04 16:16:58 INFO  no build target found for /mnt/c/Users/Vivobook Pro/Documents/HEIG-VD/TB/travail_de_bachelor/project/play-java-seed/app/model/entities/InstanceUnitsObjectId.java. Using fallback presentation compiler.[0m
2026.07.04 16:16:58 INFO  no build target found for /mnt/c/Users/Vivobook Pro/Documents/HEIG-VD/TB/travail_de_bachelor/project/play-java-seed/app/model/entities/Strategie.java. Using fallback presentation compiler.[0m
2026.07.04 16:16:58 INFO  no build target found for /mnt/c/Users/Vivobook Pro/Documents/HEIG-VD/TB/travail_de_bachelor/project/play-java-seed/app/model/entities/AbilityFragment.java. Using fallback presentation compiler.[0m
2026.07.04 16:17:00 INFO  no build target found for /mnt/c/Users/Vivobook Pro/Documents/HEIG-VD/TB/travail_de_bachelor/project/play-java-seed/app/model/entities/Effect.java. Using fallback presentation compiler.[0m
2026.07.04 16:17:00 INFO  no build target found for /mnt/c/Users/Vivobook Pro/Documents/HEIG-VD/TB/travail_de_bachelor/project/play-java-seed/app/model/entities/ScalingEffect.java. Using fallback presentation compiler.[0m
2026.07.04 16:17:00 INFO  no build target found for /mnt/c/Users/Vivobook Pro/Documents/HEIG-VD/TB/travail_de_bachelor/project/play-java-seed/app/model/entities/DamagingEffect.java. Using fallback presentation compiler.[0m
2026.07.04 16:17:00 INFO  no build target found for /mnt/c/Users/Vivobook Pro/Documents/HEIG-VD/TB/travail_de_bachelor/project/play-java-seed/app/model/entities/HealingEffect.java. Using fallback presentation compiler.[0m
2026.07.04 16:17:01 INFO  no build target found for /mnt/c/Users/Vivobook Pro/Documents/HEIG-VD/TB/travail_de_bachelor/project/play-java-seed/app/model/entities/StunningEffect.java. Using fallback presentation compiler.[0m
2026.07.04 16:17:01 INFO  no build target found for /mnt/c/Users/Vivobook Pro/Documents/HEIG-VD/TB/travail_de_bachelor/project/play-java-seed/app/model/entities/StatChangingEffect.java. Using fallback presentation compiler.[0m
2026.07.04 16:17:01 INFO  no build target found for /mnt/c/Users/Vivobook Pro/Documents/HEIG-VD/TB/travail_de_bachelor/project/play-java-seed/app/model/entities/AbilitysEffect.java. Using fallback presentation compiler.[0m
2026.07.04 16:17:01 INFO  no build target found for /mnt/c/Users/Vivobook Pro/Documents/HEIG-VD/TB/travail_de_bachelor/project/play-java-seed/app/model/entities/AbilitysEffectId.java. Using fallback presentation compiler.[0m
2026.07.04 16:17:01 INFO  no build target found for /mnt/c/Users/Vivobook Pro/Documents/HEIG-VD/TB/travail_de_bachelor/project/play-java-seed/app/model/entities/Round.java. Using fallback presentation compiler.[0m
2026.07.04 16:17:02 INFO  no build target found for /mnt/c/Users/Vivobook Pro/Documents/HEIG-VD/TB/travail_de_bachelor/project/play-java-seed/app/model/entities/Event.java. Using fallback presentation compiler.[0m
2026.07.04 16:17:02 INFO  no build target found for /mnt/c/Users/Vivobook Pro/Documents/HEIG-VD/TB/travail_de_bachelor/project/play-java-seed/app/model/entities/LevelingEvent.java. Using fallback presentation compiler.[0m
2026.07.04 16:17:02 INFO  no build target found for /mnt/c/Users/Vivobook Pro/Documents/HEIG-VD/TB/travail_de_bachelor/project/play-java-seed/app/model/entities/ChangingGoldEvent.java. Using fallback presentation compiler.[0m
2026.07.04 16:17:02 INFO  no build target found for /mnt/c/Users/Vivobook Pro/Documents/HEIG-VD/TB/travail_de_bachelor/project/play-java-seed/app/model/entities/ChangingShopEvent.java. Using fallback presentation compiler.[0m
2026.07.04 16:17:03 INFO  no build target found for /mnt/c/Users/Vivobook Pro/Documents/HEIG-VD/TB/travail_de_bachelor/project/play-java-seed/app/model/entities/ChangingShopsUnit.java. Using fallback presentation compiler.[0m
2026.07.04 16:17:03 INFO  no build target found for /mnt/c/Users/Vivobook Pro/Documents/HEIG-VD/TB/travail_de_bachelor/project/play-java-seed/app/model/entities/ChangingShopsUnitId.java. Using fallback presentation compiler.[0m
2026.07.04 16:17:03 INFO  no build target found for /mnt/c/Users/Vivobook Pro/Documents/HEIG-VD/TB/travail_de_bachelor/project/play-java-seed/app/model/entities/UnitEvent.java. Using fallback presentation compiler.[0m
2026.07.04 16:17:03 INFO  no build target found for /mnt/c/Users/Vivobook Pro/Documents/HEIG-VD/TB/travail_de_bachelor/project/play-java-seed/app/model/entities/BuyUnitEvent.java. Using fallback presentation compiler.[0m
2026.07.04 16:17:03 INFO  no build target found for /mnt/c/Users/Vivobook Pro/Documents/HEIG-VD/TB/travail_de_bachelor/project/play-java-seed/app/model/entities/SellUnitEvent.java. Using fallback presentation compiler.[0m
2026.07.04 16:17:04 INFO  no build target found for /mnt/c/Users/Vivobook Pro/Documents/HEIG-VD/TB/travail_de_bachelor/project/play-java-seed/app/model/entities/ChangingPosEvent.java. Using fallback presentation compiler.[0m
2026.07.04 16:17:04 INFO  no build target found for /mnt/c/Users/Vivobook Pro/Documents/HEIG-VD/TB/travail_de_bachelor/project/play-java-seed/app/model/entities/ChangingUnitObjectEvent.java. Using fallback presentation compiler.[0m
2026.07.04 16:17:04 INFO  no build target found for /mnt/c/Users/Vivobook Pro/Documents/HEIG-VD/TB/travail_de_bachelor/project/play-java-seed/app/model/entities/ChangingUnitObjectEventsObject.java. Using fallback presentation compiler.[0m
2026.07.04 16:17:04 INFO  no build target found for /mnt/c/Users/Vivobook Pro/Documents/HEIG-VD/TB/travail_de_bachelor/project/play-java-seed/app/model/entities/ChangingUnitObjectEventsObjectId.java. Using fallback presentation compiler.[0m
2026.07.05 17:18:40 INFO  Shutting down server[0m
2026.07.05 17:18:40 INFO  Memory monitor stopped[0m
2026.07.05 17:18:40 INFO  shutting down Metals[0m
2026.07.05 17:18:40 INFO  Exiting server[0m
2026.07.05 17:18:40 ERROR Unexpected error initializing server: 
org.eclipse.lsp4j.jsonrpc.ResponseErrorException: Request window/showMessageRequest failed with message: Canceled
	at org.eclipse.lsp4j.jsonrpc.RemoteEndpoint.handleResponse(RemoteEndpoint.java:214)
	at org.eclipse.lsp4j.jsonrpc.RemoteEndpoint.consume(RemoteEndpoint.java:198)
	at org.eclipse.lsp4j.jsonrpc.json.StreamMessageProducer.handleMessage(StreamMessageProducer.java:189)
	at org.eclipse.lsp4j.jsonrpc.json.StreamMessageProducer.listen(StreamMessageProducer.java:97)
	at org.eclipse.lsp4j.jsonrpc.json.ConcurrentMessageProcessor.run(ConcurrentMessageProcessor.java:97)
	at java.util.concurrent.Executors$RunnableAdapter.call(Executors.java:572)
	at java.util.concurrent.FutureTask.run(FutureTask.java:317)
	at java.util.concurrent.ThreadPoolExecutor.runWorker(ThreadPoolExecutor.java:1144)
	at java.util.concurrent.ThreadPoolExecutor$Worker.run(ThreadPoolExecutor.java:642)
	at java.lang.Thread.run(Thread.java:1583)
[0m
2026.07.06 08:02:31 INFO  Started: Metals version 1.6.7 in folders '/mnt/c/Users/Vivobook Pro/Documents/HEIG-VD/TB/travail_de_bachelor/project/play-java-seed' for client Visual Studio Code 1.127.0.[0m
2026.07.06 08:02:31 INFO  Memory monitor started[0m
2026.07.06 08:02:32 WARN  Using H2 2.4.240 which is newer than the version Flyway has been verified with. The latest verified version of H2 is 2.3.232.[0m
2026.07.06 08:03:21 WARN  no build target for: /mnt/c/Users/Vivobook Pro/Documents/HEIG-VD/TB/travail_de_bachelor/project/play-java-seed/app/model/entities/PoolEntry.java[0m
2026.07.06 08:03:21 WARN  no build target for: /mnt/c/Users/Vivobook Pro/Documents/HEIG-VD/TB/travail_de_bachelor/project/play-java-seed/app/model/entities/Game.java[0m
2026.07.06 08:03:21 WARN  no build target for: /mnt/c/Users/Vivobook Pro/Documents/HEIG-VD/TB/travail_de_bachelor/project/play-java-seed/app/model/entities/Pool.java[0m
2026.07.06 08:03:22 WARN  no build target for: /mnt/c/Users/Vivobook Pro/Documents/HEIG-VD/TB/travail_de_bachelor/project/play-java-seed/app/model/entities/User.java[0m
2026.07.06 08:03:22 WARN  Running javac-semanticdb failed for file:///mnt/c/Users/Vivobook%20Pro/Documents/HEIG-VD/TB/travail_de_bachelor/project/play-java-seed/app/model/entities/PoolEntry.java. Output:
[0m
2026.07.06 08:03:21 WARN  Running javac-semanticdb failed for file:///mnt/c/Users/Vivobook%20Pro/Documents/HEIG-VD/TB/travail_de_bachelor/project/play-java-seed/app/model/entities/User.java. Output:
[0m
2026.07.06 08:03:21 WARN  Running javac-semanticdb failed for file:///mnt/c/Users/Vivobook%20Pro/Documents/HEIG-VD/TB/travail_de_bachelor/project/play-java-seed/app/model/entities/Pool.java. Output:
[0m
2026.07.06 08:03:21 WARN  Running javac-semanticdb failed for file:///mnt/c/Users/Vivobook%20Pro/Documents/HEIG-VD/TB/travail_de_bachelor/project/play-java-seed/app/model/entities/Game.java. Output:
[0m
2026.07.06 08:03:30 WARN  no build target for: /mnt/c/Users/Vivobook Pro/Documents/HEIG-VD/TB/travail_de_bachelor/project/play-java-seed/app/model/entities/Team.java[0m
2026.07.06 08:03:31 WARN  no build target for: /mnt/c/Users/Vivobook Pro/Documents/HEIG-VD/TB/travail_de_bachelor/project/play-java-seed/app/model/entities/Round.java[0m
2026.07.06 08:03:31 WARN  Running javac-semanticdb failed for file:///mnt/c/Users/Vivobook%20Pro/Documents/HEIG-VD/TB/travail_de_bachelor/project/play-java-seed/app/model/entities/Team.java. Output:
[0m
2026.07.06 08:03:30 WARN  Running javac-semanticdb failed for file:///mnt/c/Users/Vivobook%20Pro/Documents/HEIG-VD/TB/travail_de_bachelor/project/play-java-seed/app/model/entities/Round.java. Output:
[0m
2026.07.06 08:03:50 WARN  no build target for: /mnt/c/Users/Vivobook Pro/Documents/HEIG-VD/TB/travail_de_bachelor/project/play-java-seed/app/model/entities/unit/Unit.java[0m
2026.07.06 08:03:50 WARN  no build target for: /mnt/c/Users/Vivobook Pro/Documents/HEIG-VD/TB/travail_de_bachelor/project/play-java-seed/app/model/entities/unit/Object.java[0m
2026.07.06 08:03:50 WARN  no build target for: /mnt/c/Users/Vivobook Pro/Documents/HEIG-VD/TB/travail_de_bachelor/project/play-java-seed/app/model/entities/unit/AbilityFragment.java[0m
2026.07.06 08:03:50 WARN  Running javac-semanticdb failed for file:///mnt/c/Users/Vivobook%20Pro/Documents/HEIG-VD/TB/travail_de_bachelor/project/play-java-seed/app/model/entities/unit/Unit.java. Output:
[0m
2026.07.06 08:03:50 WARN  no build target for: /mnt/c/Users/Vivobook Pro/Documents/HEIG-VD/TB/travail_de_bachelor/project/play-java-seed/app/model/entities/unit/Strategie.java[0m
2026.07.06 08:03:50 WARN  no build target for: /mnt/c/Users/Vivobook Pro/Documents/HEIG-VD/TB/travail_de_bachelor/project/play-java-seed/app/model/entities/unit/InstanceUnit.java[0m
2026.07.06 08:03:50 WARN  Running javac-semanticdb failed for file:///mnt/c/Users/Vivobook%20Pro/Documents/HEIG-VD/TB/travail_de_bachelor/project/play-java-seed/app/model/entities/unit/Strategie.java. Output:
[0m
2026.07.06 08:03:50 WARN  Running javac-semanticdb failed for file:///mnt/c/Users/Vivobook%20Pro/Documents/HEIG-VD/TB/travail_de_bachelor/project/play-java-seed/app/model/entities/unit/AbilityFragment.java. Output:
[0m
2026.07.06 08:03:50 WARN  Running javac-semanticdb failed for file:///mnt/c/Users/Vivobook%20Pro/Documents/HEIG-VD/TB/travail_de_bachelor/project/play-java-seed/app/model/entities/unit/Object.java. Output:
[0m
2026.07.06 08:03:51 WARN  Running javac-semanticdb failed for file:///mnt/c/Users/Vivobook%20Pro/Documents/HEIG-VD/TB/travail_de_bachelor/project/play-java-seed/app/model/entities/unit/InstanceUnit.java. Output:
[0m
2026.07.06 08:03:59 WARN  no build target for: /mnt/c/Users/Vivobook Pro/Documents/HEIG-VD/TB/travail_de_bachelor/project/play-java-seed/build.sbt[0m
2026.07.06 08:03:59 INFO  no build target found for /mnt/c/Users/Vivobook Pro/Documents/HEIG-VD/TB/travail_de_bachelor/project/play-java-seed/build.sbt. Using presentation compiler with project's scala-library version: 3.3.7[0m
2026.07.06 08:04:50 WARN  no build target for: /mnt/c/Users/Vivobook Pro/Documents/HEIG-VD/TB/travail_de_bachelor/project/play-java-seed/app/model/entities/PoolRarity.java[0m
2026.07.06 08:04:50 INFO  no build target found for /mnt/c/Users/Vivobook Pro/Documents/HEIG-VD/TB/travail_de_bachelor/project/play-java-seed/app/model/entities/PoolRarity.java. Using fallback presentation compiler.[0m
2026.07.06 08:04:50 WARN  Running javac-semanticdb failed for file:///mnt/c/Users/Vivobook%20Pro/Documents/HEIG-VD/TB/travail_de_bachelor/project/play-java-seed/app/model/entities/PoolRarity.java. Output:
[0m
2026.07.06 08:04:50 WARN  no build target for: /mnt/c/Users/Vivobook Pro/Documents/HEIG-VD/TB/travail_de_bachelor/project/play-java-seed/app/model/entities/PoolRarity.java[0m
2026.07.06 08:04:50 WARN  Running javac-semanticdb failed for file:///mnt/c/Users/Vivobook%20Pro/Documents/HEIG-VD/TB/travail_de_bachelor/project/play-java-seed/app/model/entities/PoolRarity.java. Output:
[0m
2026.07.06 08:05:14 INFO  no build target found for /mnt/c/Users/Vivobook Pro/Documents/HEIG-VD/TB/travail_de_bachelor/project/play-java-seed/app/model/entities/Game.java. Using fallback presentation compiler.[0m
2026.07.06 08:05:14 INFO  no build target found for /mnt/c/Users/Vivobook Pro/Documents/HEIG-VD/TB/travail_de_bachelor/project/play-java-seed/app/model/entities/Pool.java. Using fallback presentation compiler.[0m
2026.07.06 08:05:14 INFO  no build target found for /mnt/c/Users/Vivobook Pro/Documents/HEIG-VD/TB/travail_de_bachelor/project/play-java-seed/app/model/entities/PoolEntry.java. Using fallback presentation compiler.[0m
2026.07.06 08:05:14 INFO  no build target found for /mnt/c/Users/Vivobook Pro/Documents/HEIG-VD/TB/travail_de_bachelor/project/play-java-seed/app/model/entities/Team.java. Using fallback presentation compiler.[0m
2026.07.06 08:05:14 INFO  no build target found for /mnt/c/Users/Vivobook Pro/Documents/HEIG-VD/TB/travail_de_bachelor/project/play-java-seed/app/model/entities/Round.java. Using fallback presentation compiler.[0m
2026.07.06 08:05:15 WARN  no build target for: /mnt/c/Users/Vivobook Pro/Documents/HEIG-VD/TB/travail_de_bachelor/project/play-java-seed/app/model/entities/PoolEntry.java[0m
2026.07.06 08:05:15 WARN  Running javac-semanticdb failed for file:///mnt/c/Users/Vivobook%20Pro/Documents/HEIG-VD/TB/travail_de_bachelor/project/play-java-seed/app/model/entities/PoolEntry.java. Output:
[0m
2026.07.06 08:05:15 WARN  no build target for: /mnt/c/Users/Vivobook Pro/Documents/HEIG-VD/TB/travail_de_bachelor/project/play-java-seed/app/model/entities/Team.java[0m
2026.07.06 08:05:15 WARN  Running javac-semanticdb failed for file:///mnt/c/Users/Vivobook%20Pro/Documents/HEIG-VD/TB/travail_de_bachelor/project/play-java-seed/app/model/entities/Team.java. Output:
[0m
2026.07.06 08:05:15 WARN  no build target for: /mnt/c/Users/Vivobook Pro/Documents/HEIG-VD/TB/travail_de_bachelor/project/play-java-seed/app/model/entities/Pool.java[0m
2026.07.06 08:05:15 WARN  Running javac-semanticdb failed for file:///mnt/c/Users/Vivobook%20Pro/Documents/HEIG-VD/TB/travail_de_bachelor/project/play-java-seed/app/model/entities/Pool.java. Output:
[0m
2026.07.06 08:05:16 WARN  no build target for: /mnt/c/Users/Vivobook Pro/Documents/HEIG-VD/TB/travail_de_bachelor/project/play-java-seed/app/model/entities/Game.java[0m
2026.07.06 08:05:16 WARN  Running javac-semanticdb failed for file:///mnt/c/Users/Vivobook%20Pro/Documents/HEIG-VD/TB/travail_de_bachelor/project/play-java-seed/app/model/entities/Game.java. Output:
[0m
2026.07.06 08:05:15 WARN  no build target for: /mnt/c/Users/Vivobook Pro/Documents/HEIG-VD/TB/travail_de_bachelor/project/play-java-seed/app/model/entities/Round.java[0m
2026.07.06 08:05:16 WARN  Running javac-semanticdb failed for file:///mnt/c/Users/Vivobook%20Pro/Documents/HEIG-VD/TB/travail_de_bachelor/project/play-java-seed/app/model/entities/Round.java. Output:
[0m
2026.07.06 08:05:17 INFO  no build target found for /mnt/c/Users/Vivobook Pro/Documents/HEIG-VD/TB/travail_de_bachelor/project/play-java-seed/app/model/entities/Game.java. Using fallback presentation compiler.[0m
2026.07.06 08:05:18 WARN  no build target for: /mnt/c/Users/Vivobook Pro/Documents/HEIG-VD/TB/travail_de_bachelor/project/play-java-seed/app/model/entities/Game.java[0m
Jul 06, 2026 8:05:18 AM org.eclipse.lsp4j.jsonrpc.RemoteEndpoint handleCancellation
WARNING: Unmatched cancel notification for request id 1
2026.07.06 08:05:17 INFO  no build target found for /mnt/c/Users/Vivobook Pro/Documents/HEIG-VD/TB/travail_de_bachelor/project/play-java-seed/app/model/entities/Game.java. Using fallback presentation compiler.[0m
2026.07.06 08:05:188 AM org.eclipse.lsp4j.jsonrpc.RemoteEndpoint handleCancellation
WARNING: Unmatched cancel notification for request id 4
 INFO  no build target found for /mnt/c/Users/Vivobook Pro/Documents/HEIG-VD/TB/travail_de_bachelor/project/play-java-seed/app/model/entities/Game.java. Using fallback presentation compiler.[0m
2026.07.06 08:05:18 INFO  no build target found for /mnt/c/Users/Vivobook Pro/Documents/HEIG-VD/TB/travail_de_bachelor/project/play-java-seed/app/model/entities/Game.java. Using fallback presentation compiler.[0m
2026.07.06 08:05:18 INFO  no build target found for /mnt/c/Users/Vivobook Pro/Documents/HEIG-VD/TB/travail_de_bachelor/project/play-java-seed/app/model/entities/Game.java. Using fallback presentation compiler.[0m
2026.07.06 08:05:19 INFO  no build target found for /mnt/c/Users/Vivobook Pro/Documents/HEIG-VD/TB/travail_de_bachelor/project/play-java-seed/app/model/entities/Game.java. Using fallback presentation compiler.[0m
2026.07.06 08:05:45 INFO  no build target found for /mnt/c/Users/Vivobook Pro/Documents/HEIG-VD/TB/travail_de_bachelor/project/play-java-seed/app/model/entities/unit/Unit.java. Using fallback presentation compiler.[0m
2026.07.06 08:05:45 INFO  no build target found for /mnt/c/Users/Vivobook Pro/Documents/HEIG-VD/TB/travail_de_bachelor/project/play-java-seed/app/model/entities/unit/InstanceUnit.java. Using fallback presentation compiler.[0m
2026.07.06 08:05:45 INFO  no build target found for /mnt/c/Users/Vivobook Pro/Documents/HEIG-VD/TB/travail_de_bachelor/project/play-java-seed/app/model/entities/unit/Object.java. Using fallback presentation compiler.[0m
2026.07.06 08:05:45 INFO  no build target found for /mnt/c/Users/Vivobook Pro/Documents/HEIG-VD/TB/travail_de_bachelor/project/play-java-seed/app/model/entities/unit/Strategie.java. Using fallback presentation compiler.[0m
2026.07.06 08:05:45 INFO  no build target found for /mnt/c/Users/Vivobook Pro/Documents/HEIG-VD/TB/travail_de_bachelor/project/play-java-seed/app/model/entities/unit/AbilityFragment.java. Using fallback presentation compiler.[0m
2026.07.06 08:05:45 WARN  no build target for: /mnt/c/Users/Vivobook Pro/Documents/HEIG-VD/TB/travail_de_bachelor/project/play-java-seed/app/model/entities/unit/Object.java[0m
2026.07.06 08:05:45 WARN  Running javac-semanticdb failed for file:///mnt/c/Users/Vivobook%20Pro/Documents/HEIG-VD/TB/travail_de_bachelor/project/play-java-seed/app/model/entities/unit/Object.java. Output:
[0m
2026.07.06 08:05:45 WARN  no build target for: /mnt/c/Users/Vivobook Pro/Documents/HEIG-VD/TB/travail_de_bachelor/project/play-java-seed/app/model/entities/unit/InstanceUnit.java[0m
2026.07.06 08:05:46 WARN  Running javac-semanticdb failed for file:///mnt/c/Users/Vivobook%20Pro/Documents/HEIG-VD/TB/travail_de_bachelor/project/play-java-seed/app/model/entities/unit/InstanceUnit.java. Output:
[0m
2026.07.06 08:05:46 WARN  no build target for: /mnt/c/Users/Vivobook Pro/Documents/HEIG-VD/TB/travail_de_bachelor/project/play-java-seed/app/model/entities/unit/Strategie.java[0m
2026.07.06 08:05:45 WARN  Running javac-semanticdb failed for file:///mnt/c/Users/Vivobook%20Pro/Documents/HEIG-VD/TB/travail_de_bachelor/project/play-java-seed/app/model/entities/unit/Strategie.java. Output:
[0m
2026.07.06 08:05:45 WARN  no build target for: /mnt/c/Users/Vivobook Pro/Documents/HEIG-VD/TB/travail_de_bachelor/project/play-java-seed/app/model/entities/unit/AbilityFragment.java[0m
2026.07.06 08:05:46 WARN  Running javac-semanticdb failed for file:///mnt/c/Users/Vivobook%20Pro/Documents/HEIG-VD/TB/travail_de_bachelor/project/play-java-seed/app/model/entities/unit/AbilityFragment.java. Output:
[0m
2026.07.06 08:05:46 WARN  no build target for: /mnt/c/Users/Vivobook Pro/Documents/HEIG-VD/TB/travail_de_bachelor/project/play-java-seed/app/model/entities/unit/Unit.java[0m
2026.07.06 08:05:47 WARN  Running javac-semanticdb failed for file:///mnt/c/Users/Vivobook%20Pro/Documents/HEIG-VD/TB/travail_de_bachelor/project/play-java-seed/app/model/entities/unit/Unit.java. Output:
[0m
2026.07.06 08:05:47 INFO  no build target found for /mnt/c/Users/Vivobook Pro/Documents/HEIG-VD/TB/travail_de_bachelor/project/play-java-seed/app/model/entities/Game.java. Using fallback presentation compiler.[0m
2026.07.06 08:05:47 INFO  no build target found for /mnt/c/Users/Vivobook Pro/Documents/HEIG-VD/TB/travail_de_bachelor/project/play-java-seed/app/model/entities/Game.java. Using fallback presentation compiler.[0m
2026.07.06 08:05:50 WARN  no build target for: /mnt/c/Users/Vivobook Pro/Documents/HEIG-VD/TB/travail_de_bachelor/project/play-java-seed/app/model/entities/unit/StrategieType.java[0m
2026.07.06 08:05:50 INFO  no build target found for /mnt/c/Users/Vivobook Pro/Documents/HEIG-VD/TB/travail_de_bachelor/project/play-java-seed/app/model/entities/unit/StrategieType.java. Using fallback presentation compiler.[0m
2026.07.06 08:05:50 WARN  Running javac-semanticdb failed for file:///mnt/c/Users/Vivobook%20Pro/Documents/HEIG-VD/TB/travail_de_bachelor/project/play-java-seed/app/model/entities/unit/StrategieType.java. Output:
[0m
2026.07.06 08:05:50 INFO  no build target found for /mnt/c/Users/Vivobook Pro/Documents/HEIG-VD/TB/travail_de_bachelor/project/play-java-seed/app/model/entities/Game.java. Using fallback presentation compiler.[0m
2026.07.06 08:05:50 WARN  no build target for: /mnt/c/Users/Vivobook Pro/Documents/HEIG-VD/TB/travail_de_bachelor/project/play-java-seed/app/model/entities/unit/StrategieType.java[0m
2026.07.06 08:05:50 WARN  Running javac-semanticdb failed for file:///mnt/c/Users/Vivobook%20Pro/Documents/HEIG-VD/TB/travail_de_bachelor/project/play-java-seed/app/model/entities/unit/StrategieType.java. Output:
[0m
2026.07.06 08:05:50 INFO  no build target found for /mnt/c/Users/Vivobook Pro/Documents/HEIG-VD/TB/travail_de_bachelor/project/play-java-seed/app/model/entities/Game.java. Using fallback presentation compiler.[0m
2026.07.06 08:06:21 INFO  no build target found for /mnt/c/Users/Vivobook Pro/Documents/HEIG-VD/TB/travail_de_bachelor/project/play-java-seed/app/model/entities/User.java. Using fallback presentation compiler.[0m
2026.07.06 08:06:59 INFO  no build target found for /mnt/c/Users/Vivobook Pro/Documents/HEIG-VD/TB/travail_de_bachelor/project/play-java-seed/build.sbt. Using presentation compiler with project's scala-library version: 3.3.7[0m
2026.07.06 08:07:54 INFO  no build target found for /mnt/c/Users/Vivobook Pro/Documents/HEIG-VD/TB/travail_de_bachelor/project/play-java-seed/app/model/entities/Game.java. Using fallback presentation compiler.[0m
2026.07.06 08:08:09 INFO  no build target found for /mnt/c/Users/Vivobook Pro/Documents/HEIG-VD/TB/travail_de_bachelor/project/play-java-seed/app/model/entities/Game.java. Using fallback presentation compiler.[0m
2026.07.06 08:08:10 INFO  no build target found for /mnt/c/Users/Vivobook Pro/Documents/HEIG-VD/TB/travail_de_bachelor/project/play-java-seed/app/model/entities/Game.java. Using fallback presentation compiler.[0m
2026.07.06 08:08:53 INFO  no build target found for /mnt/c/Users/Vivobook Pro/Documents/HEIG-VD/TB/travail_de_bachelor/project/play-java-seed/app/model/entities/Game.java. Using fallback presentation compiler.[0m
2026.07.06 08:08:53 INFO  no build target found for /mnt/c/Users/Vivobook Pro/Documents/HEIG-VD/TB/travail_de_bachelor/project/play-java-seed/app/model/entities/Game.java. Using fallback presentation compiler.[0m
2026.07.06 08:08:53 INFO  no build target found for /mnt/c/Users/Vivobook Pro/Documents/HEIG-VD/TB/travail_de_bachelor/project/play-java-seed/app/model/entities/Game.java. Using fallback presentation compiler.[0m
2026.07.06 08:08:55 INFO  no build target found for /mnt/c/Users/Vivobook Pro/Documents/HEIG-VD/TB/travail_de_bachelor/project/play-java-seed/app/model/entities/Game.java. Using fallback presentation compiler.[0m
2026.07.06 08:08:55 INFO  no build target found for /mnt/c/Users/Vivobook Pro/Documents/HEIG-VD/TB/travail_de_bachelor/project/play-java-seed/app/model/entities/Game.java. Using fallback presentation compiler.[0m
2026.07.06 08:08:55 INFO  no build target found for /mnt/c/Users/Vivobook Pro/Documents/HEIG-VD/TB/travail_de_bachelor/project/play-java-seed/app/model/entities/Game.java. Using fallback presentation compiler.[0m
2026.07.06 08:08:55 INFO  no build target found for /mnt/c/Users/Vivobook Pro/Documents/HEIG-VD/TB/travail_de_bachelor/project/play-java-seed/app/model/entities/Game.java. Using fallback presentation compiler.[0m
2026.07.06 08:08:56 INFO  no build target found for /mnt/c/Users/Vivobook Pro/Documents/HEIG-VD/TB/travail_de_bachelor/project/play-java-seed/app/model/entities/Game.java. Using fallback presentation compiler.[0m
2026.07.06 08:08:55 INFO  no build target found for /mnt/c/Users/Vivobook Pro/Documents/HEIG-VD/TB/travail_de_bachelor/project/play-java-seed/app/model/entities/Game.java. Using fallback presentation compiler.[0m
Jul 06, 2026 8:08:56 AM org.eclipse.lsp4j.jsonrpc.RemoteEndpoint handleCancellation
WARNING: Unmatched cancel notification for request id 59
2026.07.06 08:08:55 INFO  no build target found for /mnt/c/Users/Vivobook Pro/Documents/HEIG-VD/TB/travail_de_bachelor/project/play-java-seed/app/model/entities/Game.java. Using fallback presentation compiler.[0m
2026.07.06 08:08:56 INFO  no build target found for /mnt/c/Users/Vivobook Pro/Documents/HEIG-VD/TB/travail_de_bachelor/project/play-java-seed/app/model/entities/Game.java. Using fallback presentation compiler.[0m
2026.07.06 08:08:56 WARN  Running javac-semanticdb failed for file:///mnt/c/Users/Vivobook%20Pro/Documents/HEIG-VD/TB/travail_de_bachelor/project/play-java-seed/app/model/entities/Game.java. Output:
[0m
2026.07.06 08:08:57 INFO  no build target found for /mnt/c/Users/Vivobook Pro/Documents/HEIG-VD/TB/travail_de_bachelor/project/play-java-seed/app/model/entities/Game.java. Using fallback presentation compiler.[0m
2026.07.06 08:08:56 WARN  no build target for: /mnt/c/Users/Vivobook Pro/Documents/HEIG-VD/TB/travail_de_bachelor/project/play-java-seed/app/model/entities/Game.java[0m
2026.07.06 08:08:56 INFO  no build target found for /mnt/c/Users/Vivobook Pro/Documents/HEIG-VD/TB/travail_de_bachelor/project/play-java-seed/app/model/entities/Game.java. Using fallback presentation compiler.[0m
2026.07.06 08:08:57 INFO  Created report: Optional[file:///mnt/c/Users/Vivobook%20Pro/Documents/HEIG-VD/TB/travail_de_bachelor/project/play-java-seed/app/model/entities/Game.java][0m
2026.07.06 08:08:57 INFO  QDox parse error in file:///mnt/c/Users/Vivobook%20Pro/Documents/HEIG-VD/TB/travail_de_bachelor/project/play-java-seed/app/model/entities/Game.java (full report at: "/mnt/c/Users/Vivobook Pro/Documents/HEIG-VD/TB/travail_de_bachelor/project/play-java-seed/.metals/.reports/metals-full/2026-07-06/r_qdox-error_08-08-57-572.md")[0m
2026.07.06 08:08:57 INFO  no build target found for /mnt/c/Users/Vivobook Pro/Documents/HEIG-VD/TB/travail_de_bachelor/project/play-java-seed/app/model/entities/Game.java. Using fallback presentation compiler.[0m
2026.07.06 08:08:58 INFO  no build target found for /mnt/c/Users/Vivobook Pro/Documents/HEIG-VD/TB/travail_de_bachelor/project/play-java-seed/app/model/entities/Game.java. Using fallback presentation compiler.[0m
2026.07.06 08:08:58 INFO  no build target found for /mnt/c/Users/Vivobook Pro/Documents/HEIG-VD/TB/travail_de_bachelor/project/play-java-seed/app/model/entities/Game.java. Using fallback presentation compiler.[0m
Jul 06, 2026 8:08:58 AM org.eclipse.lsp4j.jsonrpc.RemoteEndpoint handleCancellation
WARNING: Unmatched cancel notification for request id 74
2026.07.06 08:08:58 INFO  no build target found for /mnt/c/Users/Vivobook Pro/Documents/HEIG-VD/TB/travail_de_bachelor/project/play-java-seed/app/model/entities/Game.java. Using fallback presentation compiler.[0m
2026.07.06 08:08:58 INFO  no build target found for /mnt/c/Users/Vivobook Pro/Documents/HEIG-VD/TB/travail_de_bachelor/project/play-java-seed/app/model/entities/Game.java. Using fallback presentation compiler.[0m
2026.07.06 08:08:58 INFO  no build target found for /mnt/c/Users/Vivobook Pro/Documents/HEIG-VD/TB/travail_de_bachelor/project/play-java-seed/app/model/entities/Game.java. Using fallback presentation compiler.[0m
2026.07.06 08:08:58 INFO  no build target found for /mnt/c/Users/Vivobook Pro/Documents/HEIG-VD/TB/travail_de_bachelor/project/play-java-seed/app/model/entities/Game.java. Using fallback presentation compiler.[0m
2026.07.06 08:08:58 INFO  no build target found for /mnt/c/Users/Vivobook Pro/Documents/HEIG-VD/TB/travail_de_bachelor/project/play-java-seed/app/model/entities/Game.java. Using fallback presentation compiler.[0m
2026.07.06 08:08:58 INFO  no build target found for /mnt/c/Users/Vivobook Pro/Documents/HEIG-VD/TB/travail_de_bachelor/project/play-java-seed/app/model/entities/Game.java. Using fallback presentation compiler.[0m
2026.07.06 08:08:58 INFO  no build target found for /mnt/c/Users/Vivobook Pro/Documents/HEIG-VD/TB/travail_de_bachelor/project/play-java-seed/app/model/entities/Game.java. Using fallback presentation compiler.[0m
2026.07.06 08:08:58 INFO  no build target found for /mnt/c/Users/Vivobook Pro/Documents/HEIG-VD/TB/travail_de_bachelor/project/play-java-seed/app/model/entities/Game.java. Using fallback presentation compiler.[0m
2026.07.06 08:08:58 INFO  no build target found for /mnt/c/Users/Vivobook Pro/Documents/HEIG-VD/TB/travail_de_bachelor/project/play-java-seed/app/model/entities/Game.java. Using fallback presentation compiler.[0m
2026.07.06 08:08:59 INFO  no build target found for /mnt/c/Users/Vivobook Pro/Documents/HEIG-VD/TB/travail_de_bachelor/project/play-java-seed/app/model/entities/Game.java. Using fallback presentation compiler.[0m
2026.07.06 08:08:58 INFO  no build target found for /mnt/c/Users/Vivobook Pro/Documents/HEIG-VD/TB/travail_de_bachelor/project/play-java-seed/app/model/entities/Game.java. Using fallback presentation compiler.[0m
2026.07.06 08:08:59 WARN  Running javac-semanticdb failed for file:///mnt/c/Users/Vivobook%20Pro/Documents/HEIG-VD/TB/travail_de_bachelor/project/play-java-seed/app/model/entities/Game.java. Output:
[0m
2026.07.06 08:08:59 INFO  no build target found for /mnt/c/Users/Vivobook Pro/Documents/HEIG-VD/TB/travail_de_bachelor/project/play-java-seed/app/model/entities/Game.java. Using fallback presentation compiler.[0m
Jul 06, 2026 8:08:59 AM org.eclipse.lsp4j.jsonrpc.RemoteEndpoint handleCancellation
WARNING: Unmatched cancel notification for request id 88
2026.07.06 08:08:59 INFO  no build target found for /mnt/c/Users/Vivobook Pro/Documents/HEIG-VD/TB/travail_de_bachelor/project/play-java-seed/app/model/entities/Game.java. Using fallback presentation compiler.[0m
2026.07.06 08:09:00 WARN  no build target for: /mnt/c/Users/Vivobook Pro/Documents/HEIG-VD/TB/travail_de_bachelor/project/play-java-seed/app/model/entities/Game.java[0m
2026.07.06 08:08:59 INFO  QDox parse error in file:///mnt/c/Users/Vivobook%20Pro/Documents/HEIG-VD/TB/travail_de_bachelor/project/play-java-seed/app/model/entities/Game.java (full report at: "/mnt/c/Users/Vivobook Pro/Documents/HEIG-VD/TB/travail_de_bachelor/project/play-java-seed/.metals/.reports/metals-full/2026-07-06/r_qdox-error_08-08-57-572.md")[0m
2026.07.06 08:09:00 INFO  no build target found for /mnt/c/Users/Vivobook Pro/Documents/HEIG-VD/TB/travail_de_bachelor/project/play-java-seed/app/model/entities/Game.java. Using fallback presentation compiler.[0m
2026.07.06 08:09:00 INFO  no build target found for /mnt/c/Users/Vivobook Pro/Documents/HEIG-VD/TB/travail_de_bachelor/project/play-java-seed/app/model/entities/Game.java. Using fallback presentation compiler.[0m
2026.07.06 08:09:00 INFO  no build target found for /mnt/c/Users/Vivobook Pro/Documents/HEIG-VD/TB/travail_de_bachelor/project/play-java-seed/app/model/entities/Game.java. Using fallback presentation compiler.[0m
2026.07.06 08:09:00 INFO  no build target found for /mnt/c/Users/Vivobook Pro/Documents/HEIG-VD/TB/travail_de_bachelor/project/play-java-seed/app/model/entities/Game.java. Using fallback presentation compiler.[0m
2026.07.06 08:09:00 INFO  no build target found for /mnt/c/Users/Vivobook Pro/Documents/HEIG-VD/TB/travail_de_bachelor/project/play-java-seed/app/model/entities/Game.java. Using fallback presentation compiler.[0m
2026.07.06 08:09:00 INFO  no build target found for /mnt/c/Users/Vivobook Pro/Documents/HEIG-VD/TB/travail_de_bachelor/project/play-java-seed/app/model/entities/Game.java. Using fallback presentation compiler.[0m
2026.07.06 08:09:00 INFO  no build target found for /mnt/c/Users/Vivobook Pro/Documents/HEIG-VD/TB/travail_de_bachelor/project/play-java-seed/app/model/entities/Game.java. Using fallback presentation compiler.[0m
2026.07.06 08:09:00 INFO  no build target found for /mnt/c/Users/Vivobook Pro/Documents/HEIG-VD/TB/travail_de_bachelor/project/play-java-seed/app/model/entities/Game.java. Using fallback presentation compiler.[0m
2026.07.06 08:09:01 INFO  no build target found for /mnt/c/Users/Vivobook Pro/Documents/HEIG-VD/TB/travail_de_bachelor/project/play-java-seed/app/model/entities/Game.java. Using fallback presentation compiler.[0m
2026.07.06 08:09:00 INFO  no build target found for /mnt/c/Users/Vivobook Pro/Documents/HEIG-VD/TB/travail_de_bachelor/project/play-java-seed/app/model/entities/Game.java. Using fallback presentation compiler.[0m
2026.07.06 08:09:00 INFO  no build target found for /mnt/c/Users/Vivobook Pro/Documents/HEIG-VD/TB/travail_de_bachelor/project/play-java-seed/app/model/entities/Game.java. Using fallback presentation compiler.[0m
2026.07.06 08:09:01 INFO  no build target found for /mnt/c/Users/Vivobook Pro/Documents/HEIG-VD/TB/travail_de_bachelor/project/play-java-seed/app/model/entities/Game.java. Using fallback presentation compiler.[0m
2026.07.06 08:09:02 INFO  no build target found for /mnt/c/Users/Vivobook Pro/Documents/HEIG-VD/TB/travail_de_bachelor/project/play-java-seed/app/model/entities/Game.java. Using fallback presentation compiler.[0m
2026.07.06 08:09:02 WARN  Running javac-semanticdb failed for file:///mnt/c/Users/Vivobook%20Pro/Documents/HEIG-VD/TB/travail_de_bachelor/project/play-java-seed/app/model/entities/Game.java. Output:
[0m
2026.07.06 08:09:02 INFO  no build target found for /mnt/c/Users/Vivobook Pro/Documents/HEIG-VD/TB/travail_de_bachelor/project/play-java-seed/app/model/entities/Game.java. Using fallback presentation compiler.[0m
2026.07.06 08:09:02 INFO  no build target found for /mnt/c/Users/Vivobook Pro/Documents/HEIG-VD/TB/travail_de_bachelor/project/play-java-seed/app/model/entities/Game.java. Using fallback presentation compiler.[0m
2026.07.06 08:09:02 WARN  no build target for: /mnt/c/Users/Vivobook Pro/Documents/HEIG-VD/TB/travail_de_bachelor/project/play-java-seed/app/model/entities/Game.java[0m
2026.07.06 08:09:02 INFO  QDox parse error in file:///mnt/c/Users/Vivobook%20Pro/Documents/HEIG-VD/TB/travail_de_bachelor/project/play-java-seed/app/model/entities/Game.java (full report at: "/mnt/c/Users/Vivobook Pro/Documents/HEIG-VD/TB/travail_de_bachelor/project/play-java-seed/.metals/.reports/metals-full/2026-07-06/r_qdox-error_08-08-57-572.md")[0m
2026.07.06 08:09:02 INFO  no build target found for /mnt/c/Users/Vivobook Pro/Documents/HEIG-VD/TB/travail_de_bachelor/project/play-java-seed/app/model/entities/Game.java. Using fallback presentation compiler.[0m
2026.07.06 08:09:03 INFO  no build target found for /mnt/c/Users/Vivobook Pro/Documents/HEIG-VD/TB/travail_de_bachelor/project/play-java-seed/app/model/entities/Game.java. Using fallback presentation compiler.[0m
2026.07.06 08:09:03 INFO  no build target found for /mnt/c/Users/Vivobook Pro/Documents/HEIG-VD/TB/travail_de_bachelor/project/play-java-seed/app/model/entities/Game.java. Using fallback presentation compiler.[0m
2026.07.06 08:09:03 INFO  no build target found for /mnt/c/Users/Vivobook Pro/Documents/HEIG-VD/TB/travail_de_bachelor/project/play-java-seed/app/model/entities/Game.java. Using fallback presentation compiler.[0m
2026.07.06 08:09:03 INFO  no build target found for /mnt/c/Users/Vivobook Pro/Documents/HEIG-VD/TB/travail_de_bachelor/project/play-java-seed/app/model/entities/Game.java. Using fallback presentation compiler.[0m
2026.07.06 08:09:03 INFO  no build target found for /mnt/c/Users/Vivobook Pro/Documents/HEIG-VD/TB/travail_de_bachelor/project/play-java-seed/app/model/entities/Game.java. Using fallback presentation compiler.[0m
2026.07.06 08:09:03 WARN  Running javac-semanticdb failed for file:///mnt/c/Users/Vivobook%20Pro/Documents/HEIG-VD/TB/travail_de_bachelor/project/play-java-seed/app/model/entities/Game.java. Output:
[0m
2026.07.06 08:09:03 INFO  no build target found for /mnt/c/Users/Vivobook Pro/Documents/HEIG-VD/TB/travail_de_bachelor/project/play-java-seed/app/model/entities/Game.java. Using fallback presentation compiler.[0m
2026.07.06 08:09:04 INFO  no build target found for /mnt/c/Users/Vivobook Pro/Documents/HEIG-VD/TB/travail_de_bachelor/project/play-java-seed/app/model/entities/Game.java. Using fallback presentation compiler.[0m
2026.07.06 08:09:04 WARN  Running javac-semanticdb failed for file:///mnt/c/Users/Vivobook%20Pro/Documents/HEIG-VD/TB/travail_de_bachelor/project/play-java-seed/app/model/entities/Game.java. Output:
[0m
2026.07.06 08:09:04 INFO  no build target found for /mnt/c/Users/Vivobook Pro/Documents/HEIG-VD/TB/travail_de_bachelor/project/play-java-seed/app/model/entities/Game.java. Using fallback presentation compiler.[0m
2026.07.06 08:09:04 INFO  no build target found for /mnt/c/Users/Vivobook Pro/Documents/HEIG-VD/TB/travail_de_bachelor/project/play-java-seed/app/model/entities/Game.java. Using fallback presentation compiler.[0m
2026.07.06 08:09:05 WARN  no build target for: /mnt/c/Users/Vivobook Pro/Documents/HEIG-VD/TB/travail_de_bachelor/project/play-java-seed/app/model/entities/Game.java[0m
2026.07.06 08:09:05 INFO  no build target found for /mnt/c/Users/Vivobook Pro/Documents/HEIG-VD/TB/travail_de_bachelor/project/play-java-seed/app/model/entities/Game.java. Using fallback presentation compiler.[0m
2026.07.06 08:09:06 INFO  no build target found for /mnt/c/Users/Vivobook Pro/Documents/HEIG-VD/TB/travail_de_bachelor/project/play-java-seed/app/model/entities/Game.java. Using fallback presentation compiler.[0m
2026.07.06 08:09:06 INFO  no build target found for /mnt/c/Users/Vivobook Pro/Documents/HEIG-VD/TB/travail_de_bachelor/project/play-java-seed/app/model/entities/Game.java. Using fallback presentation compiler.[0m
2026.07.06 08:09:06 INFO  no build target found for /mnt/c/Users/Vivobook Pro/Documents/HEIG-VD/TB/travail_de_bachelor/project/play-java-seed/app/model/entities/Game.java. Using fallback presentation compiler.[0m
2026.07.06 08:09:06 INFO  no build target found for /mnt/c/Users/Vivobook Pro/Documents/HEIG-VD/TB/travail_de_bachelor/project/play-java-seed/app/model/entities/Game.java. Using fallback presentation compiler.[0m
2026.07.06 08:09:07 INFO  no build target found for /mnt/c/Users/Vivobook Pro/Documents/HEIG-VD/TB/travail_de_bachelor/project/play-java-seed/app/model/entities/Game.java. Using fallback presentation compiler.[0m
2026.07.06 08:09:07 INFO  no build target found for /mnt/c/Users/Vivobook Pro/Documents/HEIG-VD/TB/travail_de_bachelor/project/play-java-seed/app/model/entities/Game.java. Using fallback presentation compiler.[0m
2026.07.06 08:09:07 WARN  Running javac-semanticdb failed for file:///mnt/c/Users/Vivobook%20Pro/Documents/HEIG-VD/TB/travail_de_bachelor/project/play-java-seed/app/model/entities/Game.java. Output:
[0m
2026.07.06 08:09:07 INFO  no build target found for /mnt/c/Users/Vivobook Pro/Documents/HEIG-VD/TB/travail_de_bachelor/project/play-java-seed/app/model/entities/Game.java. Using fallback presentation compiler.[0m
2026.07.06 08:09:07 INFO  no build target found for /mnt/c/Users/Vivobook Pro/Documents/HEIG-VD/TB/travail_de_bachelor/project/play-java-seed/app/model/entities/Game.java. Using fallback presentation compiler.[0m
2026.07.06 08:09:07 WARN  no build target for: /mnt/c/Users/Vivobook Pro/Documents/HEIG-VD/TB/travail_de_bachelor/project/play-java-seed/app/model/entities/Game.java[0m
2026.07.06 08:09:08 INFO  no build target found for /mnt/c/Users/Vivobook Pro/Documents/HEIG-VD/TB/travail_de_bachelor/project/play-java-seed/app/model/entities/Game.java. Using fallback presentation compiler.[0m
2026.07.06 08:09:09 INFO  no build target found for /mnt/c/Users/Vivobook Pro/Documents/HEIG-VD/TB/travail_de_bachelor/project/play-java-seed/app/model/entities/Game.java. Using fallback presentation compiler.[0m
2026.07.06 08:09:20 INFO  no build target found for /mnt/c/Users/Vivobook Pro/Documents/HEIG-VD/TB/travail_de_bachelor/project/play-java-seed/app/model/entities/Game.java. Using fallback presentation compiler.[0m
2026.07.06 08:09:20 INFO  no build target found for /mnt/c/Users/Vivobook Pro/Documents/HEIG-VD/TB/travail_de_bachelor/project/play-java-seed/app/model/entities/Game.java. Using fallback presentation compiler.[0m
2026.07.06 08:09:23 INFO  no build target found for /mnt/c/Users/Vivobook Pro/Documents/HEIG-VD/TB/travail_de_bachelor/project/play-java-seed/app/model/entities/Game.java. Using fallback presentation compiler.[0m
2026.07.06 08:09:24 INFO  no build target found for /mnt/c/Users/Vivobook Pro/Documents/HEIG-VD/TB/travail_de_bachelor/project/play-java-seed/app/model/entities/Game.java. Using fallback presentation compiler.[0m
2026.07.06 08:10:14 INFO  no build target found for /mnt/c/Users/Vivobook Pro/Documents/HEIG-VD/TB/travail_de_bachelor/project/play-java-seed/app/model/entities/Game.java. Using fallback presentation compiler.[0m
2026.07.06 08:10:14 INFO  no build target found for /mnt/c/Users/Vivobook Pro/Documents/HEIG-VD/TB/travail_de_bachelor/project/play-java-seed/app/model/entities/Game.java. Using fallback presentation compiler.[0m
2026.07.06 08:10:15 INFO  no build target found for /mnt/c/Users/Vivobook Pro/Documents/HEIG-VD/TB/travail_de_bachelor/project/play-java-seed/app/model/entities/Game.java. Using fallback presentation compiler.[0m
2026.07.06 08:10:15 INFO  no build target found for /mnt/c/Users/Vivobook Pro/Documents/HEIG-VD/TB/travail_de_bachelor/project/play-java-seed/app/model/entities/Game.java. Using fallback presentation compiler.[0m
2026.07.06 08:10:15 INFO  no build target found for /mnt/c/Users/Vivobook Pro/Documents/HEIG-VD/TB/travail_de_bachelor/project/play-java-seed/app/model/entities/Game.java. Using fallback presentation compiler.[0m
2026.07.06 08:10:17 INFO  no build target found for /mnt/c/Users/Vivobook Pro/Documents/HEIG-VD/TB/travail_de_bachelor/project/play-java-seed/app/model/entities/Game.java. Using fallback presentation compiler.[0m
2026.07.06 08:10:17 INFO  no build target found for /mnt/c/Users/Vivobook Pro/Documents/HEIG-VD/TB/travail_de_bachelor/project/play-java-seed/app/model/entities/Game.java. Using fallback presentation compiler.[0m
2026.07.06 08:10:17 INFO  no build target found for /mnt/c/Users/Vivobook Pro/Documents/HEIG-VD/TB/travail_de_bachelor/project/play-java-seed/app/model/entities/Game.java. Using fallback presentation compiler.[0m
2026.07.06 08:10:17 INFO  no build target found for /mnt/c/Users/Vivobook Pro/Documents/HEIG-VD/TB/travail_de_bachelor/project/play-java-seed/app/model/entities/Game.java. Using fallback presentation compiler.[0m
2026.07.06 08:10:17 INFO  no build target found for /mnt/c/Users/Vivobook Pro/Documents/HEIG-VD/TB/travail_de_bachelor/project/play-java-seed/app/model/entities/Game.java. Using fallback presentation compiler.[0m
2026.07.06 08:10:18 INFO  no build target found for /mnt/c/Users/Vivobook Pro/Documents/HEIG-VD/TB/travail_de_bachelor/project/play-java-seed/app/model/entities/Game.java. Using fallback presentation compiler.[0m
2026.07.06 08:10:17 WARN  Running javac-semanticdb failed for file:///mnt/c/Users/Vivobook%20Pro/Documents/HEIG-VD/TB/travail_de_bachelor/project/play-java-seed/app/model/entities/Game.java. Output:
[0m
2026.07.06 08:10:18 INFO  no build target found for /mnt/c/Users/Vivobook Pro/Documents/HEIG-VD/TB/travail_de_bachelor/project/play-java-seed/app/model/entities/Game.java. Using fallback presentation compiler.[0m
2026.07.06 08:10:18 INFO  no build target found for /mnt/c/Users/Vivobook Pro/Documents/HEIG-VD/TB/travail_de_bachelor/project/play-java-seed/app/model/entities/Game.java. Using fallback presentation compiler.[0m
2026.07.06 08:10:17 WARN  Running javac-semanticdb failed for file:///mnt/c/Users/Vivobook%20Pro/Documents/HEIG-VD/TB/travail_de_bachelor/project/play-java-seed/app/model/entities/Game.java. Output:
[0m
2026.07.06 08:10:18 INFO  no build target found for /mnt/c/Users/Vivobook Pro/Documents/HEIG-VD/TB/travail_de_bachelor/project/play-java-seed/app/model/entities/Game.java. Using fallback presentation compiler.[0m
2026.07.06 08:10:19 INFO  no build target found for /mnt/c/Users/Vivobook Pro/Documents/HEIG-VD/TB/travail_de_bachelor/project/play-java-seed/app/model/entities/Game.java. Using fallback presentation compiler.[0m
2026.07.06 08:10:19 INFO  no build target found for /mnt/c/Users/Vivobook Pro/Documents/HEIG-VD/TB/travail_de_bachelor/project/play-java-seed/app/model/entities/Game.java. Using fallback presentation compiler.[0m
2026.07.06 08:10:18 WARN  no build target for: /mnt/c/Users/Vivobook Pro/Documents/HEIG-VD/TB/travail_de_bachelor/project/play-java-seed/app/model/entities/Game.java[0m
2026.07.06 08:10:19 INFO  no build target found for /mnt/c/Users/Vivobook Pro/Documents/HEIG-VD/TB/travail_de_bachelor/project/play-java-seed/app/model/entities/Game.java. Using fallback presentation compiler.[0m
2026.07.06 08:10:20 INFO  no build target found for /mnt/c/Users/Vivobook Pro/Documents/HEIG-VD/TB/travail_de_bachelor/project/play-java-seed/app/model/entities/Game.java. Using fallback presentation compiler.[0m
2026.07.06 08:10:25 INFO  no build target found for /mnt/c/Users/Vivobook Pro/Documents/HEIG-VD/TB/travail_de_bachelor/project/play-java-seed/app/model/entities/Game.java. Using fallback presentation compiler.[0m
2026.07.06 08:10:27 INFO  no build target found for /mnt/c/Users/Vivobook Pro/Documents/HEIG-VD/TB/travail_de_bachelor/project/play-java-seed/app/model/entities/Pool.java. Using fallback presentation compiler.[0m
2026.07.06 08:10:27 Jul 0 , 2026 8:10:27 AM org.eclipse.lsp4j.jsonrpc.RemoteEndpoint handleCancellation
WARNING: Unmatched cancel notification for request id 180
no build target for: /mnt/c/Users/Vivobook Pro/Documents/HEIG-VD/TB/travail_de_bachelor/project/play-java-seed/app/model/entities/Pool.java[0m
2026.07.06 08:10:27 INFO  no build target found for /mnt/c/Users/Vivobook Pro/Documents/HEIG-VD/TB/travail_de_bachelor/project/play-java-seed/app/model/entities/Pool.java. Using fallback presentation compiler.[0m
Jul 06, 2026 8:10:27 AM org.eclipse.lsp4j.jsonrpc.RemoteEndpoint handleCancellation
WARNING: Unmatched cancel notification for request id 183
2026.07.06 08:10:27 INFO  no build target found for /mnt/c/Users/Vivobook Pro/Documents/HEIG-VD/TB/travail_de_bachelor/project/play-java-seed/app/model/entities/Pool.java. Using fallback presentation compiler.[0m
2026.07.06 08:10:27 INFO  no build target found for /mnt/c/Users/Vivobook Pro/Documents/HEIG-VD/TB/travail_de_bachelor/project/play-java-seed/app/model/entities/Pool.java. Using fallback presentation compiler.[0m
2026.07.06 08:10:27 INFO  no build target found for /mnt/c/Users/Vivobook Pro/Documents/HEIG-VD/TB/travail_de_bachelor/project/play-java-seed/app/model/entities/Pool.java. Using fallback presentation compiler.[0m
2026.07.06 08:10:28 INFO  no build target found for /mnt/c/Users/Vivobook Pro/Documents/HEIG-VD/TB/travail_de_bachelor/project/play-java-seed/app/model/entities/Pool.java. Using fallback presentation compiler.[0m
2026.07.06 08:11:16 INFO  no build target found for /mnt/c/Users/Vivobook Pro/Documents/HEIG-VD/TB/travail_de_bachelor/project/play-java-seed/app/model/entities/Pool.java. Using fallback presentation compiler.[0m
2026.07.06 08:11:16 INFO  no build target found for /mnt/c/Users/Vivobook Pro/Documents/HEIG-VD/TB/travail_de_bachelor/project/play-java-seed/app/model/entities/Pool.java. Using fallback presentation compiler.[0m
2026.07.06 08:11:16 INFO  no build target found for /mnt/c/Users/Vivobook Pro/Documents/HEIG-VD/TB/travail_de_bachelor/project/play-java-seed/app/model/entities/Pool.java. Using fallback presentation compiler.[0m
2026.07.06 08:11:17 INFO  no build target found for /mnt/c/Users/Vivobook Pro/Documents/HEIG-VD/TB/travail_de_bachelor/project/play-java-seed/app/model/entities/Pool.java. Using fallback presentation compiler.[0m
2026.07.06 08:11:24 INFO  no build target found for /mnt/c/Users/Vivobook Pro/Documents/HEIG-VD/TB/travail_de_bachelor/project/play-java-seed/app/model/entities/Pool.java. Using fallback presentation compiler.[0m
2026.07.06 08:11:24 INFO  no build target found for /mnt/c/Users/Vivobook Pro/Documents/HEIG-VD/TB/travail_de_bachelor/project/play-java-seed/app/model/entities/Pool.java. Using fallback presentation compiler.[0m
2026.07.06 08:11:24 WARN  Running javac-semanticdb failed for file:///mnt/c/Users/Vivobook%20Pro/Documents/HEIG-VD/TB/travail_de_bachelor/project/play-java-seed/app/model/entities/Pool.java. Output:
[0m
2026.07.06 08:11:24 INFO  no build target found for /mnt/c/Users/Vivobook Pro/Documents/HEIG-VD/TB/travail_de_bachelor/project/play-java-seed/app/model/entities/Pool.java. Using fallback presentation compiler.[0m
2026.07.06 08:11:24 INFO  no build target found for /mnt/c/Users/Vivobook Pro/Documents/HEIG-VD/TB/travail_de_bachelor/project/play-java-seed/app/model/entities/Pool.java. Using fallback presentation compiler.[0m
2026.07.06 08:11:25 WARN  no build target for: /mnt/c/Users/Vivobook Pro/Documents/HEIG-VD/TB/travail_de_bachelor/project/play-java-seed/app/model/entities/Pool.java[0m
2026.07.06 08:11:25 INFO  Created report: Optional[file:///mnt/c/Users/Vivobook%20Pro/Documents/HEIG-VD/TB/travail_de_bachelor/project/play-java-seed/app/model/entities/Pool.java][0m
2026.07.06 08:11:25 INFO  QDox parse error in file:///mnt/c/Users/Vivobook%20Pro/Documents/HEIG-VD/TB/travail_de_bachelor/project/play-java-seed/app/model/entities/Pool.java (full report at: "/mnt/c/Users/Vivobook Pro/Documents/HEIG-VD/TB/travail_de_bachelor/project/play-java-seed/.metals/.reports/metals-full/2026-07-06/r_qdox-error_08-11-25-390.md")[0m
2026.07.06 08:11:25 INFO  no build target found for /mnt/c/Users/Vivobook Pro/Documents/HEIG-VD/TB/travail_de_bachelor/project/play-java-seed/app/model/entities/Pool.java. Using fallback presentation compiler.[0m
2026.07.06 08:11:25 INFO  no build target found for /mnt/c/Users/Vivobook Pro/Documents/HEIG-VD/TB/travail_de_bachelor/project/play-java-seed/app/model/entities/Pool.java. Using fallback presentation compiler.[0m
2026.07.06 08:11:25 INFO  no build target found for /mnt/c/Users/Vivobook Pro/Documents/HEIG-VD/TB/travail_de_bachelor/project/play-java-seed/app/model/entities/Pool.java. Using fallback presentation compiler.[0m
2026.07.06 08:11:25 INFO  no build target found for /mnt/c/Users/Vivobook Pro/Documents/HEIG-VD/TB/travail_de_bachelor/project/play-java-seed/app/model/entities/Pool.java. Using fallback presentation compiler.[0m
2026.07.06 08:11:25 INFO  no build target found for /mnt/c/Users/Vivobook Pro/Documents/HEIG-VD/TB/travail_de_bachelor/project/play-java-seed/app/model/entities/Pool.java. Using fallback presentation compiler.[0m
2026.07.06 08:11:25 WARN  Running javac-semanticdb failed for file:///mnt/c/Users/Vivobook%20Pro/Documents/HEIG-VD/TB/travail_de_bachelor/project/play-java-seed/app/model/entities/Pool.java. Output:
[0m
2026.07.06 08:11:25 INFO  no build target found for /mnt/c/Users/Vivobook Pro/Documents/HEIG-VD/TB/travail_de_bachelor/project/play-java-seed/app/model/entities/Pool.java. Using fallback presentation compiler.[0m
2026.07.06 08:11:26 WARN  no build target for: /mnt/c/Users/Vivobook Pro/Documents/HEIG-VD/TB/travail_de_bachelor/project/play-java-seed/app/model/entities/Pool.java[0m
2026.07.06 08:11:26 INFO  QDox parse error in file:///mnt/c/Users/Vivobook%20Pro/Documents/HEIG-VD/TB/travail_de_bachelor/project/play-java-seed/app/model/entities/Pool.java (full report at: "/mnt/c/Users/Vivobook Pro/Documents/HEIG-VD/TB/travail_de_bachelor/project/play-java-seed/.metals/.reports/metals-full/2026-07-06/r_qdox-error_08-11-25-390.md")[0m
2026.07.06 08:11:26 INFO  no build target found for /mnt/c/Users/Vivobook Pro/Documents/HEIG-VD/TB/travail_de_bachelor/project/play-java-seed/app/model/entities/Pool.java. Using fallback presentation compiler.[0m
2026.07.06 08:11:27 INFO  no build target found for /mnt/c/Users/Vivobook Pro/Documents/HEIG-VD/TB/travail_de_bachelor/project/play-java-seed/app/model/entities/Pool.java. Using fallback presentation compiler.[0m
2026.07.06 08:11:27 INFO  no build target found for /mnt/c/Users/Vivobook Pro/Documents/HEIG-VD/TB/travail_de_bachelor/project/play-java-seed/app/model/entities/Pool.java. Using fallback presentation compiler.[0m
Jul 06, 2026 8:11:27 AM org.eclipse.lsp4j.jsonrpc.RemoteEndpoint handleCancellation
WARNING: Unmatched cancel notification for request id 218
2026.07.06 08:11:27 INFO  no build target found for /mnt/c/Users/Vivobook Pro/Documents/HEIG-VD/TB/travail_de_bachelor/project/play-java-seed/app/model/entities/Pool.java. Using fallback presentation compiler.[0m
2026.07.06 08:11:27 INFO  no build target found for /mnt/c/Users/Vivobook Pro/Documents/HEIG-VD/TB/travail_de_bachelor/project/play-java-seed/app/model/entities/Pool.java. Using fallback presentation compiler.[0m
2026.07.06 08:11:27 INFO  no build target found for /mnt/c/Users/Vivobook Pro/Documents/HEIG-VD/TB/travail_de_bachelor/project/play-java-seed/app/model/entities/Pool.java. Using fallback presentation compiler.[0m
2026.07.06 08:11:28 INFO  no build target found for /mnt/c/Users/Vivobook Pro/Documents/HEIG-VD/TB/travail_de_bachelor/project/play-java-seed/app/model/entities/Pool.java. Using fallback presentation compiler.[0m
2026.07.06 08:11:27 INFO  no build target found for /mnt/c/Users/Vivobook Pro/Documents/HEIG-VD/TB/travail_de_bachelor/project/play-java-seed/app/model/entities/Pool.java. Using fallback presentation compiler.[0m
2026.07.06 08:11:27 WARN  Running javac-semanticdb failed for file:///mnt/c/Users/Vivobook%20Pro/Documents/HEIG-VD/TB/travail_de_bachelor/project/play-java-seed/app/model/entities/Pool.java. Output:
[0m
2026.07.06 08:11:28 INFO  no build target found for /mnt/c/Users/Vivobook Pro/Documents/HEIG-VD/TB/travail_de_bachelor/project/play-java-seed/app/model/entities/Pool.java. Using fallback presentation compiler.[0m
2026.07.06 08:11:28 INFO  no build target found for /mnt/c/Users/Vivobook Pro/Documents/HEIG-VD/TB/travail_de_bachelor/project/play-java-seed/app/model/entities/Pool.java. Using fallback presentation compiler.[0m
2026.07.06 08:11:28 INFO  no build target found for /mnt/c/Users/Vivobook Pro/Documents/HEIG-VD/TB/travail_de_bachelor/project/play-java-seed/app/model/entities/Pool.java. Using fallback presentation compiler.[0m
2026.07.06 08:11:28 INFO  no build target found for /mnt/c/Users/Vivobook Pro/Documents/HEIG-VD/TB/travail_de_bachelor/project/play-java-seed/app/model/entities/Pool.java. Using fallback presentation compiler.[0m
2026.07.06 08:11:29 WARN  Running javac-semanticdb failed for file:///mnt/c/Users/Vivobook%20Pro/Documents/HEIG-VD/TB/travail_de_bachelor/project/play-java-seed/app/model/entities/Pool.java. Output:
[0m
2026.07.06 08:11:28 INFO  no build target found for /mnt/c/Users/Vivobook Pro/Documents/HEIG-VD/TB/travail_de_bachelor/project/play-java-seed/app/model/entities/Pool.java. Using fallback presentation compiler.[0m
2026.07.06 08:11:28 INFO  no build target found for /mnt/c/Users/Vivobook Pro/Documents/HEIG-VD/TB/travail_de_bachelor/project/play-java-seed/app/model/entities/Pool.java. Using fallback presentation compiler.[0m
2026.07.06 08:11:29 INFO  no build target found for /mnt/c/Users/Vivobook Pro/Documents/HEIG-VD/TB/travail_de_bachelor/project/play-java-seed/app/model/entities/Pool.java. Using fallback presentation compiler.[0m
2026.07.06 08:11:29 INFO  no build target found for /mnt/c/Users/Vivobook Pro/Documents/HEIG-VD/TB/travail_de_bachelor/project/play-java-seed/app/model/entities/Pool.java. Using fallback presentation compiler.[0m
2026.07.06 08:11:29 INFO  no build target found for /mnt/c/Users/Vivobook Pro/Documents/HEIG-VD/TB/travail_de_bachelor/project/play-java-seed/app/model/entities/Pool.java. Using fallback presentation compiler.[0m
2026.07.06 08:11:29 INFO  no build target found for /mnt/c/Users/Vivobook Pro/Documents/HEIG-VD/TB/travail_de_bachelor/project/play-java-seed/app/model/entities/Pool.java. Using fallback presentation compiler.[0m
2026.07.06 08:11:29 INFO  no build target found for /mnt/c/Users/Vivobook Pro/Documents/HEIG-VD/TB/travail_de_bachelor/project/play-java-seed/app/model/entities/Pool.java. Using fallback presentation compiler.[0m
Jul 06, 2026 8:11:30 AM org.eclipse.lsp4j.jsonrpc.RemoteEndpoint handleCancellation
WARNING: Unmatched cancel notification for request id 242
2026.07.06 08:11:29 INFO  no build target found for /mnt/c/Users/Vivobook Pro/Documents/HEIG-VD/TB/travail_de_bachelor/project/play-java-seed/app/model/entities/Pool.java. Using fallback presentation compiler.[0m
2026.07.06 08:11:30 INFO  no build target found for /mnt/c/Users/Vivobook Pro/Documents/HEIG-VD/TB/travail_de_bachelor/project/play-java-seed/app/model/entities/Pool.java. Using fallback presentation compiler.[0m
2026.07.06 08:11:30 WARN  Running javac-semanticdb failed for file:///mnt/c/Users/Vivobook%20Pro/Documents/HEIG-VD/TB/travail_de_bachelor/project/play-java-seed/app/model/entities/Pool.java. Output:
[0m
2026.07.06 08:11:29 INFO  no build target found for /mnt/c/Users/Vivobook Pro/Documents/HEIG-VD/TB/travail_de_bachelor/project/play-java-seed/app/model/entities/Pool.java. Using fallback presentation compiler.[0m
2026.07.06 08:11:29 INFO  no build target found for /mnt/c/Users/Vivobook Pro/Documents/HEIG-VD/TB/travail_de_bachelor/project/play-java-seed/app/model/entities/Pool.java. Using fallback presentation compiler.[0m
Jul 06, 2026 8:11:30 AM org.eclipse.lsp4j.jsonrpc.RemoteEndpoint handleCancellation
WARNING: Unmatched cancel notification for request id 247
2026.07.06 08:11:30 INFO  no build target found for /mnt/c/Users/Vivobook Pro/Documents/HEIG-VD/TB/travail_de_bachelor/project/play-java-seed/app/model/entities/Pool.java. Using fallback presentation compiler.[0m
2026.07.06 08:11:30 INFO  no build target found for /mnt/c/Users/Vivobook Pro/Documents/HEIG-VD/TB/travail_de_bachelor/project/play-java-seed/app/model/entities/Pool.java. Using fallback presentation compiler.[0m
2026.07.06 08:11:30 INFO  no build target found for /mnt/c/Users/Vivobook Pro/Documents/HEIG-VD/TB/travail_de_bachelor/project/play-java-seed/app/model/entities/Pool.java. Using fallback presentation compiler.[0m
2026.07.06 08:11:30 WARN  Running javac-semanticdb failed for file:///mnt/c/Users/Vivobook%20Pro/Documents/HEIG-VD/TB/travail_de_bachelor/project/play-java-seed/app/model/entities/Pool.java. Output:
[0m
2026.07.06 08:11:30 INFO  no build target found for /mnt/c/Users/Vivobook Pro/Documents/HEIG-VD/TB/travail_de_bachelor/project/play-java-seed/app/model/entities/Pool.java. Using fallback presentation compiler.[0m
2026.07.06 08:11:30 INFO  no build target found for /mnt/c/Users/Vivobook Pro/Documents/HEIG-VD/TB/travail_de_bachelor/project/play-java-seed/app/model/entities/Pool.java. Using fallback presentation compiler.[0m
2026.07.06 08:11:30 INFO  no build target found for /mnt/c/Users/Vivobook Pro/Documents/HEIG-VD/TB/travail_de_bachelor/project/play-java-seed/app/model/entities/Pool.java. Using fallback presentation compiler.[0m
2026.07.06 08:11:31 INFO  no build target found for /mnt/c/Users/Vivobook Pro/Documents/HEIG-VD/TB/travail_de_bachelor/project/play-java-seed/app/model/entities/Pool.java. Using fallback presentation compiler.[0m
2026.07.06 08:11:30 INFO  no build target found for /mnt/c/Users/Vivobook Pro/Documents/HEIG-VD/TB/travail_de_bachelor/project/play-java-seed/app/model/entities/Pool.java. Using fallback presentation compiler.[0m
2026.07.06 08:11:30 INFO  no build target found for /mnt/c/Users/Vivobook Pro/Documents/HEIG-VD/TB/travail_de_bachelor/project/play-java-seed/app/model/entities/Pool.java. Using fallback presentation compiler.[0m
2026.07.06 08:11:30 INFO  no build target found for /mnt/c/Users/Vivobook Pro/Documents/HEIG-VD/TB/travail_de_bachelor/project/play-java-seed/app/model/entities/Pool.java. Using fallback presentation compiler.[0m
2026.07.06 08:11:31 INFO  no build target found for /mnt/c/Users/Vivobook Pro/Documents/HEIG-VD/TB/travail_de_bachelor/project/play-java-seed/app/model/entities/Pool.java. Using fallback presentation compiler.[0m
2026.07.06 08:11:31 WARN  Running javac-semanticdb failed for file:///mnt/c/Users/Vivobook%20Pro/Documents/HEIG-VD/TB/travail_de_bachelor/project/play-java-seed/app/model/entities/Pool.java. Output:
[0m
2026.07.06 08:11:32 INFO  no build target found for /mnt/c/Users/Vivobook Pro/Documents/HEIG-VD/TB/travail_de_bachelor/project/play-java-seed/app/model/entities/Pool.java. Using fallback presentation compiler.[0m
2026.07.06 08:11:32 WARN  no build target for: /mnt/c/Users/Vivobook Pro/Documents/HEIG-VD/TB/travail_de_bachelor/project/play-java-seed/app/model/entities/Pool.java[0m
2026.07.06 08:11:32 INFO  no build target found for /mnt/c/Users/Vivobook Pro/Documents/HEIG-VD/TB/travail_de_bachelor/project/play-java-seed/app/model/entities/Pool.java. Using fallback presentation compiler.[0m
2026.07.06 08:11:32 INFO  no build target found for /mnt/c/Users/Vivobook Pro/Documents/HEIG-VD/TB/travail_de_bachelor/project/play-java-seed/app/model/entities/Pool.java. Using fallback presentation compiler.[0m
2026.07.06 08:11:32 INFO  no build target found for /mnt/c/Users/Vivobook Pro/Documents/HEIG-VD/TB/travail_de_bachelor/project/play-java-seed/app/model/entities/Pool.java. Using fallback presentation compiler.[0m
2026.07.06 08:11:32 WARN  Running javac-semanticdb failed for file:///mnt/c/Users/Vivobook%20Pro/Documents/HEIG-VD/TB/travail_de_bachelor/project/play-java-seed/app/model/entities/Pool.java. Output:
[0m
2026.07.06 08:11:32 INFO  no build target found for /mnt/c/Users/Vivobook Pro/Documents/HEIG-VD/TB/travail_de_bachelor/project/play-java-seed/app/model/entities/Pool.java. Using fallback presentation compiler.[0m
2026.07.06 08:11:33 INFO  no build target found for /mnt/c/Users/Vivobook Pro/Documents/HEIG-VD/TB/travail_de_bachelor/project/play-java-seed/app/model/entities/Pool.java. Using fallback presentation compiler.[0m
2026.07.06 08:11:33 WARN  no build target for: /mnt/c/Users/Vivobook Pro/Documents/HEIG-VD/TB/travail_de_bachelor/project/play-java-seed/app/model/entities/Pool.java[0m
2026.07.06 08:11:33 INFO  no build target found for /mnt/c/Users/Vivobook Pro/Documents/HEIG-VD/TB/travail_de_bachelor/project/play-java-seed/app/model/entities/Pool.java. Using fallback presentation compiler.[0m
2026.07.06 08:11:33 INFO  no build target found for /mnt/c/Users/Vivobook Pro/Documents/HEIG-VD/TB/travail_de_bachelor/project/play-java-seed/app/model/entities/Pool.java. Using fallback presentation compiler.[0m
2026.07.06 08:11:33 INFO  no build target found for /mnt/c/Users/Vivobook Pro/Documents/HEIG-VD/TB/travail_de_bachelor/project/play-java-seed/app/model/entities/Pool.java. Using fallback presentation compiler.[0m
2026.07.06 08:11:34 WARN  Running javac-semanticdb failed for file:///mnt/c/Users/Vivobook%20Pro/Documents/HEIG-VD/TB/travail_de_bachelor/project/play-java-seed/app/model/entities/Pool.java. Output:
[0m
2026.07.06 08:11:34 INFO  no build target found for /mnt/c/Users/Vivobook Pro/Documents/HEIG-VD/TB/travail_de_bachelor/project/play-java-seed/app/model/entities/Pool.java. Using fallback presentation compiler.[0m
2026.07.06 08:11:34 INFO  no build target found for /mnt/c/Users/Vivobook Pro/Documents/HEIG-VD/TB/travail_de_bachelor/project/play-java-seed/app/model/entities/Pool.java. Using fallback presentation compiler.[0m
2026.07.06 08:11:35 WARN  no build target for: /mnt/c/Users/Vivobook Pro/Documents/HEIG-VD/TB/travail_de_bachelor/project/play-java-seed/app/model/entities/Pool.java[0m
2026.07.06 08:11:34 INFO  no build target found for /mnt/c/Users/Vivobook Pro/Documents/HEIG-VD/TB/travail_de_bachelor/project/play-java-seed/app/model/entities/Pool.java. Using fallback presentation compiler.[0m
2026.07.06 08:11:35 INFO  no build target found for /mnt/c/Users/Vivobook Pro/Documents/HEIG-VD/TB/travail_de_bachelor/project/play-java-seed/app/model/entities/Pool.java. Using fallback presentation compiler.[0m
2026.07.06 08:11:34 INFO  no build target found for /mnt/c/Users/Vivobook Pro/Documents/HEIG-VD/TB/travail_de_bachelor/project/play-java-seed/app/model/entities/Pool.java. Using fallback presentation compiler.[0m
2026.07.06 08:11:35 WARN  Running javac-semanticdb failed for file:///mnt/c/Users/Vivobook%20Pro/Documents/HEIG-VD/TB/travail_de_bachelor/project/play-java-seed/app/model/entities/Pool.java. Output:
[0m
2026.07.06 08:11:35 INFO  no build target found for /mnt/c/Users/Vivobook Pro/Documents/HEIG-VD/TB/travail_de_bachelor/project/play-java-seed/app/model/entities/Pool.java. Using fallback presentation compiler.[0m
2026.07.06 08:11:35 WARN  no build target for: /mnt/c/Users/Vivobook Pro/Documents/HEIG-VD/TB/travail_de_bachelor/project/play-java-seed/app/model/entities/Pool.java[0m
2026.07.06 08:11:36 INFO  no build target found for /mnt/c/Users/Vivobook Pro/Documents/HEIG-VD/TB/travail_de_bachelor/project/play-java-seed/app/model/entities/Pool.java. Using fallback presentation compiler.[0m
2026.07.06 08:11:35 INFO  no build target found for /mnt/c/Users/Vivobook Pro/Documents/HEIG-VD/TB/travail_de_bachelor/project/play-java-seed/app/model/entities/Pool.java. Using fallback presentation compiler.[0m
2026.07.06 08:11:37 INFO  no build target found for /mnt/c/Users/Vivobook Pro/Documents/HEIG-VD/TB/travail_de_bachelor/project/play-java-seed/app/model/entities/Pool.java. Using fallback presentation compiler.[0m
2026.07.06 08:11:39 INFO  no build target found for /mnt/c/Users/Vivobook Pro/Documents/HEIG-VD/TB/travail_de_bachelor/project/play-java-seed/app/model/entities/Pool.java. Using fallback presentation compiler.[0m
2026.07.06 08:11:39 INFO  no build target found for /mnt/c/Users/Vivobook Pro/Documents/HEIG-VD/TB/travail_de_bachelor/project/play-java-seed/app/model/entities/Pool.java. Using fallback presentation compiler.[0m
2026.07.06 08:11:39 INFO  no build target found for /mnt/c/Users/Vivobook Pro/Documents/HEIG-VD/TB/travail_de_bachelor/project/play-java-seed/app/model/entities/Pool.java. Using fallback presentation compiler.[0m
2026.07.06 08:11:40 INFO  no build target found for /mnt/c/Users/Vivobook Pro/Documents/HEIG-VD/TB/travail_de_bachelor/project/play-java-seed/app/model/entities/Pool.java. Using fallback presentation compiler.[0m
2026.07.06 08:11:40 INFO  no build target found for /mnt/c/Users/Vivobook Pro/Documents/HEIG-VD/TB/travail_de_bachelor/project/play-java-seed/app/model/entities/Pool.java. Using fallback presentation compiler.[0m
2026.07.06 08:11:40 INFO  no build target found for /mnt/c/Users/Vivobook Pro/Documents/HEIG-VD/TB/travail_de_bachelor/project/play-java-seed/app/model/entities/Pool.java. Using fallback presentation compiler.[0m
2026.07.06 08:11:40 INFO  no build target found for /mnt/c/Users/Vivobook Pro/Documents/HEIG-VD/TB/travail_de_bachelor/project/play-java-seed/app/model/entities/Pool.java. Using fallback presentation compiler.[0m
2026.07.06 08:11:40 INFO  no build target found for /mnt/c/Users/Vivobook Pro/Documents/HEIG-VD/TB/travail_de_bachelor/project/play-java-seed/app/model/entities/Pool.java. Using fallback presentation compiler.[0m
2026.07.06 08:11:41 INFO  no build target found for /mnt/c/Users/Vivobook Pro/Documents/HEIG-VD/TB/travail_de_bachelor/project/play-java-seed/app/model/entities/Pool.java. Using fallback presentation compiler.[0m
2026.07.06 08:11:41 INFO  no build target found for /mnt/c/Users/Vivobook Pro/Documents/HEIG-VD/TB/travail_de_bachelor/project/play-java-seed/app/model/entities/Pool.java. Using fallback presentation compiler.[0m
2026.07.06 08:11:41 WARN  Running javac-semanticdb failed for file:///mnt/c/Users/Vivobook%20Pro/Documents/HEIG-VD/TB/travail_de_bachelor/project/play-java-seed/app/model/entities/Pool.java. Output:
[0m
2026.07.06 08:11:41 INFO  no build target found for /mnt/c/Users/Vivobook Pro/Documents/HEIG-VD/TB/travail_de_bachelor/project/play-java-seed/app/model/entities/Pool.java. Using fallback presentation compiler.[0m
2026.07.06 08:11:41 INFO  no build target found for /mnt/c/Users/Vivobook Pro/Documents/HEIG-VD/TB/travail_de_bachelor/project/play-java-seed/app/model/entities/Pool.java. Using fallback presentation compiler.[0m
2026.07.06 08:11:41 WARN  no build target for: /mnt/c/Users/Vivobook Pro/Documents/HEIG-VD/TB/travail_de_bachelor/project/play-java-seed/app/model/entities/Pool.java[0m
2026.07.06 08:11:42 INFO  no build target found for /mnt/c/Users/Vivobook Pro/Documents/HEIG-VD/TB/travail_de_bachelor/project/play-java-seed/app/model/entities/Pool.java. Using fallback presentation compiler.[0m
2026.07.06 08:11:42 INFO  no build target found for /mnt/c/Users/Vivobook Pro/Documents/HEIG-VD/TB/travail_de_bachelor/project/play-java-seed/app/model/entities/Pool.java. Using fallback presentation compiler.[0m
2026.07.06 08:11:42 INFO  no build target found for /mnt/c/Users/Vivobook Pro/Documents/HEIG-VD/TB/travail_de_bachelor/project/play-java-seed/app/model/entities/Pool.java. Using fallback presentation compiler.[0m
2026.07.06 08:11:49 INFO  no build target found for /mnt/c/Users/Vivobook Pro/Documents/HEIG-VD/TB/travail_de_bachelor/project/play-java-seed/app/model/entities/Pool.java. Using fallback presentation compiler.[0m
2026.07.06 08:11:49 INFO  no build target found for /mnt/c/Users/Vivobook Pro/Documents/HEIG-VD/TB/travail_de_bachelor/project/play-java-seed/app/model/entities/Pool.java. Using fallback presentation compiler.[0m
2026.07.06 08:11:51 INFO  no build target found for /mnt/c/Users/Vivobook Pro/Documents/HEIG-VD/TB/travail_de_bachelor/project/play-java-seed/app/model/entities/Pool.java. Using fallback presentation compiler.[0m
2026.07.06 08:11:51 INFO  no build target found for /mnt/c/Users/Vivobook Pro/Documents/HEIG-VD/TB/travail_de_bachelor/project/play-java-seed/app/model/entities/Pool.java. Using fallback presentation compiler.[0m
2026.07.06 08:11:52 INFO  no build target found for /mnt/c/Users/Vivobook Pro/Documents/HEIG-VD/TB/travail_de_bachelor/project/play-java-seed/app/model/entities/Pool.java. Using fallback presentation compiler.[0m
2026.07.06 08:11:52 INFO  no build target found for /mnt/c/Users/Vivobook Pro/Documents/HEIG-VD/TB/travail_de_bachelor/project/play-java-seed/app/model/entities/Pool.java. Using fallback presentation compiler.[0m
2026.07.06 08:11:52 INFO  no build target found for /mnt/c/Users/Vivobook Pro/Documents/HEIG-VD/TB/travail_de_bachelor/project/play-java-seed/app/model/entities/Pool.java. Using fallback presentation compiler.[0m
2026.07.06 08:12:51 INFO  no build target found for /mnt/c/Users/Vivobook Pro/Documents/HEIG-VD/TB/travail_de_bachelor/project/play-java-seed/app/model/entities/PoolEntry.java. Using fallback presentation compiler.[0m
2026.07.06 08:12:51 WARN  no build target for: /mnt/c/Users/Vivobook Pro/Documents/HEIG-VD/TB/travail_de_bachelor/project/play-java-seed/app/model/entities/PoolEntry.java[0m
Jul 06, 2026 8:12:51 AM org.eclipse.lsp4j.jsonrpc.RemoteEndpoint handleCancellation
WARNING: Unmatched cancel notification for request id 339
2026.07.06 08:12:51 INFO  no build target found for /mnt/c/Users/Vivobook Pro/Documents/HEIG-VD/TB/travail_de_bachelor/project/play-java-seed/app/model/entities/PoolEntry.java. Using fallback presentation compiler.[0m
Jul 06, 2026 8:12:51 AM org.eclipse.lsp4j.jsonrpc.RemoteEndpoint handleCancellation
WARNING: Unmatched cancel notification for request id 342
2026.07.06 08:12:51 INFO  no build target found for /mnt/c/Users/Vivobook Pro/Documents/HEIG-VD/TB/travail_de_bachelor/project/play-java-seed/app/model/entities/PoolEntry.java. Using fallback presentation compiler.[0m
2026.07.06 08:12:51 INFO  no build target found for /mnt/c/Users/Vivobook Pro/Documents/HEIG-VD/TB/travail_de_bachelor/project/play-java-seed/app/model/entities/PoolEntry.java. Using fallback presentation compiler.[0m
2026.07.06 08:12:51 INFO  no build target found for /mnt/c/Users/Vivobook Pro/Documents/HEIG-VD/TB/travail_de_bachelor/project/play-java-seed/app/model/entities/PoolEntry.java. Using fallback presentation compiler.[0m
2026.07.06 08:13:28 INFO  no build target found for /mnt/c/Users/Vivobook Pro/Documents/HEIG-VD/TB/travail_de_bachelor/project/play-java-seed/app/model/entities/PoolEntry.java. Using fallback presentation compiler.[0m
2026.07.06 08:13:28 INFO  no build target found for /mnt/c/Users/Vivobook Pro/Documents/HEIG-VD/TB/travail_de_bachelor/project/play-java-seed/app/model/entities/PoolEntry.java. Using fallback presentation compiler.[0m
2026.07.06 08:13:28 INFO  no build target found for /mnt/c/Users/Vivobook Pro/Documents/HEIG-VD/TB/travail_de_bachelor/project/play-java-seed/app/model/entities/PoolEntry.java. Using fallback presentation compiler.[0m
2026.07.06 08:13:29 INFO  no build target found for /mnt/c/Users/Vivobook Pro/Documents/HEIG-VD/TB/travail_de_bachelor/project/play-java-seed/app/model/entities/PoolEntry.java. Using fallback presentation compiler.[0m
2026.07.06 08:13:29 INFO  no build target found for /mnt/c/Users/Vivobook Pro/Documents/HEIG-VD/TB/travail_de_bachelor/project/play-java-seed/app/model/entities/PoolEntry.java. Using fallback presentation compiler.[0m
2026.07.06 08:13:29 INFO  no build target found for /mnt/c/Users/Vivobook Pro/Documents/HEIG-VD/TB/travail_de_bachelor/project/play-java-seed/app/model/entities/PoolEntry.java. Using fallback presentation compiler.[0m
2026.07.06 08:13:29 INFO  no build target found for /mnt/c/Users/Vivobook Pro/Documents/HEIG-VD/TB/travail_de_bachelor/project/play-java-seed/app/model/entities/PoolEntry.java. Using fallback presentation compiler.[0m
2026.07.06 08:13:30 INFO  no build target found for /mnt/c/Users/Vivobook Pro/Documents/HEIG-VD/TB/travail_de_bachelor/project/play-java-seed/app/model/entities/PoolEntry.java. Using fallback presentation compiler.[0m
2026.07.06 08:13:32 INFO  no build target found for /mnt/c/Users/Vivobook Pro/Documents/HEIG-VD/TB/travail_de_bachelor/project/play-java-seed/app/model/entities/PoolEntry.java. Using fallback presentation compiler.[0m
2026.07.06 08:13:32 INFO  no build target found for /mnt/c/Users/Vivobook Pro/Documents/HEIG-VD/TB/travail_de_bachelor/project/play-java-seed/app/model/entities/PoolEntry.java. Using fallback presentation compiler.[0m
2026.07.06 08:13:32 INFO  no build target found for /mnt/c/Users/Vivobook Pro/Documents/HEIG-VD/TB/travail_de_bachelor/project/play-java-seed/app/model/entities/PoolEntry.java. Using fallback presentation compiler.[0m
2026.07.06 08:13:32 WARN  Running javac-semanticdb failed for file:///mnt/c/Users/Vivobook%20Pro/Documents/HEIG-VD/TB/travail_de_bachelor/project/play-java-seed/app/model/entities/PoolEntry.java. Output:
[0m
2026.07.06 08:13:32 INFO  no build target found for /mnt/c/Users/Vivobook Pro/Documents/HEIG-VD/TB/travail_de_bachelor/project/play-java-seed/app/model/entities/PoolEntry.java. Using fallback presentation compiler.[0m
2026.07.06 08:13:33 WARN  no build target for: /mnt/c/Users/Vivobook Pro/Documents/HEIG-VD/TB/travail_de_bachelor/project/play-java-seed/app/model/entities/PoolEntry.java[0m
2026.07.06 08:13:33 INFO  Created report: Optional[file:///mnt/c/Users/Vivobook%20Pro/Documents/HEIG-VD/TB/travail_de_bachelor/project/play-java-seed/app/model/entities/PoolEntry.java][0m
2026.07.06 08:13:33 INFO  QDox parse error in file:///mnt/c/Users/Vivobook%20Pro/Documents/HEIG-VD/TB/travail_de_bachelor/project/play-java-seed/app/model/entities/PoolEntry.java (full report at: "/mnt/c/Users/Vivobook Pro/Documents/HEIG-VD/TB/travail_de_bachelor/project/play-java-seed/.metals/.reports/metals-full/2026-07-06/r_qdox-error_08-13-33-496.md")[0m
2026.07.06 08:13:33 INFO  no build target found for /mnt/c/Users/Vivobook Pro/Documents/HEIG-VD/TB/travail_de_bachelor/project/play-java-seed/app/model/entities/PoolEntry.java. Using fallback presentation compiler.[0m
2026.07.06 08:13:34 INFO  no build target found for /mnt/c/Users/Vivobook Pro/Documents/HEIG-VD/TB/travail_de_bachelor/project/play-java-seed/app/model/entities/PoolEntry.java. Using fallback presentation compiler.[0m
2026.07.06 08:13:34 INFO  no build target found for /mnt/c/Users/Vivobook Pro/Documents/HEIG-VD/TB/travail_de_bachelor/project/play-java-seed/app/model/entities/PoolEntry.java. Using fallback presentation compiler.[0m
2026.07.06 08:13:34 INFO  no build target found for /mnt/c/Users/Vivobook Pro/Documents/HEIG-VD/TB/travail_de_bachelor/project/play-java-seed/app/model/entities/PoolEntry.java. Using fallback presentation compiler.[0m
2026.07.06 08:13:34 INFO  no build target found for /mnt/c/Users/Vivobook Pro/Documents/HEIG-VD/TB/travail_de_bachelor/project/play-java-seed/app/model/entities/PoolEntry.java. Using fallback presentation compiler.[0m
2026.07.06 08:13:33 INFO  no build target found for /mnt/c/Users/Vivobook Pro/Documents/HEIG-VD/TB/travail_de_bachelor/project/play-java-seed/app/model/entities/PoolEntry.java. Using fallback presentation compiler.[0m
2026.07.06 08:13:34 INFO  no build target found for /mnt/c/Users/Vivobook Pro/Documents/HEIG-VD/TB/travail_de_bachelor/project/play-java-seed/app/model/entities/PoolEntry.java. Using fallback presentation compiler.[0m
2026.07.06 08:13:34 INFO  no build target found for /mnt/c/Users/Vivobook Pro/Documents/HEIG-VD/TB/travail_de_bachelor/project/play-java-seed/app/model/entities/PoolEntry.java. Using fallback presentation compiler.[0m
2026.07.06 08:13:34 INFO  no build target found for /mnt/c/Users/Vivobook Pro/Documents/HEIG-VD/TB/travail_de_bachelor/project/play-java-seed/app/model/entities/PoolEntry.java. Using fallback presentation compiler.[0m
2026.07.06 08:13:34 INFO  no build target found for /mnt/c/Users/Vivobook Pro/Documents/HEIG-VD/TB/travail_de_bachelor/project/play-java-seed/app/model/entities/PoolEntry.java. Using fallback presentation compiler.[0m
2026.07.06 08:13:34 WARN  Running javac-semanticdb failed for file:///mnt/c/Users/Vivobook%20Pro/Documents/HEIG-VD/TB/travail_de_bachelor/project/play-java-seed/app/model/entities/PoolEntry.java. Output:
[0m
2026.07.06 08:13:35 INFO  no build target found for /mnt/c/Users/Vivobook Pro/Documents/HEIG-VD/TB/travail_de_bachelor/project/play-java-seed/app/model/entities/PoolEntry.java. Using fallback presentation compiler.[0m
2026.07.06 08:13:35 WARN  no build target for: /mnt/c/Users/Vivobook Pro/Documents/HEIG-VD/TB/travail_de_bachelor/project/play-java-seed/app/model/entities/PoolEntry.java[0m
2026.07.06 08:13:34 INFO  QDox parse error in file:///mnt/c/Users/Vivobook%20Pro/Documents/HEIG-VD/TB/travail_de_bachelor/project/play-java-seed/app/model/entities/PoolEntry.java (full report at: "/mnt/c/Users/Vivobook Pro/Documents/HEIG-VD/TB/travail_de_bachelor/project/play-java-seed/.metals/.reports/metals-full/2026-07-06/r_qdox-error_08-13-33-496.md")[0m
2026.07.06 08:13:35 INFO  no build target found for /mnt/c/Users/Vivobook Pro/Documents/HEIG-VD/TB/travail_de_bachelor/project/play-java-seed/app/model/entities/PoolEntry.java. Using fallback presentation compiler.[0m
2026.07.06 08:13:35 INFO  no build target found for /mnt/c/Users/Vivobook Pro/Documents/HEIG-VD/TB/travail_de_bachelor/project/play-java-seed/app/model/entities/PoolEntry.java. Using fallback presentation compiler.[0m
2026.07.06 08:13:35 INFO  no build target found for /mnt/c/Users/Vivobook Pro/Documents/HEIG-VD/TB/travail_de_bachelor/project/play-java-seed/app/model/entities/PoolEntry.java. Using fallback presentation compiler.[0m
2026.07.06 08:13:35 WARN  Running javac-semanticdb failed for file:///mnt/c/Users/Vivobook%20Pro/Documents/HEIG-VD/TB/travail_de_bachelor/project/play-java-seed/app/model/entities/PoolEntry.java. Output:
[0m
2026.07.06 08:13:35 INFO  no build target found for /mnt/c/Users/Vivobook Pro/Documents/HEIG-VD/TB/travail_de_bachelor/project/play-java-seed/app/model/entities/PoolEntry.java. Using fallback presentation compiler.[0m
2026.07.06 08:13:35 INFO  no build target found for /mnt/c/Users/Vivobook Pro/Documents/HEIG-VD/TB/travail_de_bachelor/project/play-java-seed/app/model/entities/PoolEntry.java. Using fallback presentation compiler.[0m
2026.07.06 08:13:36 INFO  no build target found for /mnt/c/Users/Vivobook Pro/Documents/HEIG-VD/TB/travail_de_bachelor/project/play-java-seed/app/model/entities/PoolEntry.java. Using fallback presentation compiler.[0m
2026.07.06 08:13:36 INFO  no build target found for /mnt/c/Users/Vivobook Pro/Documents/HEIG-VD/TB/travail_de_bachelor/project/play-java-seed/app/model/entities/PoolEntry.java. Using fallback presentation compiler.[0m
2026.07.06 08:13:36 INFO  no build target found for /mnt/c/Users/Vivobook Pro/Documents/HEIG-VD/TB/travail_de_bachelor/project/play-java-seed/app/model/entities/PoolEntry.java. Using fallback presentation compiler.[0m
2026.07.06 08:13:36 WARN  Running javac-semanticdb failed for file:///mnt/c/Users/Vivobook%20Pro/Documents/HEIG-VD/TB/travail_de_bachelor/project/play-java-seed/app/model/entities/PoolEntry.java. Output:
[0m
2026.07.06 08:13:36 INFO  no build target found for /mnt/c/Users/Vivobook Pro/Documents/HEIG-VD/TB/travail_de_bachelor/project/play-java-seed/app/model/entities/PoolEntry.java. Using fallback presentation compiler.[0m
2026.07.06 08:13:36 INFO  no build target found for /mnt/c/Users/Vivobook Pro/Documents/HEIG-VD/TB/travail_de_bachelor/project/play-java-seed/app/model/entities/PoolEntry.java. Using fallback presentation compiler.[0m
2026.07.06 08:13:36 INFO  no build target found for /mnt/c/Users/Vivobook Pro/Documents/HEIG-VD/TB/travail_de_bachelor/project/play-java-seed/app/model/entities/PoolEntry.java. Using fallback presentation compiler.[0m
2026.07.06 08:13:36 INFO  no build target found for /mnt/c/Users/Vivobook Pro/Documents/HEIG-VD/TB/travail_de_bachelor/project/play-java-seed/app/model/entities/PoolEntry.java. Using fallback presentation compiler.[0m
2026.07.06 08:13:37 INFO  no build target found for /mnt/c/Users/Vivobook Pro/Documents/HEIG-VD/TB/travail_de_bachelor/project/play-java-seed/app/model/entities/PoolEntry.java. Using fallback presentation compiler.[0m
2026.07.06 08:13:36 INFO  no build target found for /mnt/c/Users/Vivobook Pro/Documents/HEIG-VD/TB/travail_de_bachelor/project/play-java-seed/app/model/entities/PoolEntry.java. Using fallback presentation compiler.[0m
2026.07.06 08:13:37 INFO  no build target found for /mnt/c/Users/Vivobook Pro/Documents/HEIG-VD/TB/travail_de_bachelor/project/play-java-seed/app/model/entities/PoolEntry.java. Using fallback presentation compiler.[0m
2026.07.06 08:13:37 WARN  Running javac-semanticdb failed for file:///mnt/c/Users/Vivobook%20Pro/Documents/HEIG-VD/TB/travail_de_bachelor/project/play-java-seed/app/model/entities/PoolEntry.java. Output:
[0m
2026.07.06 08:13:37 INFO  no build target found for /mnt/c/Users/Vivobook Pro/Documents/HEIG-VD/TB/travail_de_bachelor/project/play-java-seed/app/model/entities/PoolEntry.java. Using fallback presentation compiler.[0m
2026.07.06 08:13:37 INFO  no build target found for /mnt/c/Users/Vivobook Pro/Documents/HEIG-VD/TB/travail_de_bachelor/project/play-java-seed/app/model/entities/PoolEntry.java. Using fallback presentation compiler.[0m
2026.07.06 08:13:37 INFO  no build target found for /mnt/c/Users/Vivobook Pro/Documents/HEIG-VD/TB/travail_de_bachelor/project/play-java-seed/app/model/entities/PoolEntry.java. Using fallback presentation compiler.[0m
2026.07.06 08:13:37 INFO  no build target found for /mnt/c/Users/Vivobook Pro/Documents/HEIG-VD/TB/travail_de_bachelor/project/play-java-seed/app/model/entities/PoolEntry.java. Using fallback presentation compiler.[0m
2026.07.06 08:13:37 WARN  Running javac-semanticdb failed for file:///mnt/c/Users/Vivobook%20Pro/Documents/HEIG-VD/TB/travail_de_bachelor/project/play-java-seed/app/model/entities/PoolEntry.java. Output:
[0m
2026.07.06 08:13:38 INFO  no build target found for /mnt/c/Users/Vivobook Pro/Documents/HEIG-VD/TB/travail_de_bachelor/project/play-java-seed/app/model/entities/PoolEntry.java. Using fallback presentation compiler.[0m
2026.07.06 08:13:37 INFO  no build target found for /mnt/c/Users/Vivobook Pro/Documents/HEIG-VD/TB/travail_de_bachelor/project/play-java-seed/app/model/entities/PoolEntry.java. Using fallback presentation compiler.[0m
2026.07.06 08:13:38 INFO  no build target found for /mnt/c/Users/Vivobook Pro/Documents/HEIG-VD/TB/travail_de_bachelor/project/play-java-seed/app/model/entities/PoolEntry.java. Using fallback presentation compiler.[0m
2026.07.06 08:13:38 INFO  no build target found for /mnt/c/Users/Vivobook Pro/Documents/HEIG-VD/TB/travail_de_bachelor/project/play-java-seed/app/model/entities/PoolEntry.java. Using fallback presentation compiler.[0m
2026.07.06 08:13:38 INFO  no build target found for /mnt/c/Users/Vivobook Pro/Documents/HEIG-VD/TB/travail_de_bachelor/project/play-java-seed/app/model/entities/PoolEntry.java. Using fallback presentation compiler.[0m
2026.07.06 08:13:38 INFO  no build target found for /mnt/c/Users/Vivobook Pro/Documents/HEIG-VD/TB/travail_de_bachelor/project/play-java-seed/app/model/entities/PoolEntry.java. Using fallback presentation compiler.[0m
2026.07.06 08:13:38 INFO  no build target found for /mnt/c/Users/Vivobook Pro/Documents/HEIG-VD/TB/travail_de_bachelor/project/play-java-seed/app/model/entities/PoolEntry.java. Using fallback presentation compiler.[0m
2026.07.06 08:13:38 INFO  no build target found for /mnt/c/Users/Vivobook Pro/Documents/HEIG-VD/TB/travail_de_bachelor/project/play-java-seed/app/model/entities/PoolEntry.java. Using fallback presentation compiler.[0m
2026.07.06 08:13:38 INFO  no build target found for /mnt/c/Users/Vivobook Pro/Documents/HEIG-VD/TB/travail_de_bachelor/project/play-java-seed/app/model/entities/PoolEntry.java. Using fallback presentation compiler.[0m
2026.07.06 08:13:39 INFO  no build target found for /mnt/c/Users/Vivobook Pro/Documents/HEIG-VD/TB/travail_de_bachelor/project/play-java-seed/app/model/entities/PoolEntry.java. Using fallback presentation compiler.[0m
2026.07.06 08:13:38 INFO  no build target found for /mnt/c/Users/Vivobook Pro/Documents/HEIG-VD/TB/travail_de_bachelor/project/play-java-seed/app/model/entities/PoolEntry.java. Using fallback presentation compiler.[0m
2026.07.06 08:13:39 WARN  Running javac-semanticdb failed for file:///mnt/c/Users/Vivobook%20Pro/Documents/HEIG-VD/TB/travail_de_bachelor/project/play-java-seed/app/model/entities/PoolEntry.java. Output:
[0m
2026.07.06 08:13:40 WARN  no build target for: /mnt/c/Users/Vivobook Pro/Documents/HEIG-VD/TB/travail_de_bachelor/project/play-java-seed/app/model/entities/PoolEntry.java[0m
2026.07.06 08:13:40 INFO  no build target found for /mnt/c/Users/Vivobook Pro/Documents/HEIG-VD/TB/travail_de_bachelor/project/play-java-seed/app/model/entities/PoolEntry.java. Using fallback presentation compiler.[0m
2026.07.06 08:13:40 INFO  no build target found for /mnt/c/Users/Vivobook Pro/Documents/HEIG-VD/TB/travail_de_bachelor/project/play-java-seed/app/model/entities/PoolEntry.java. Using fallback presentation compiler.[0m
2026.07.06 08:13:40 INFO  no build target found for /mnt/c/Users/Vivobook Pro/Documents/HEIG-VD/TB/travail_de_bachelor/project/play-java-seed/app/model/entities/PoolEntry.java. Using fallback presentation compiler.[0m
2026.07.06 08:13:41 INFO  no build target found for /mnt/c/Users/Vivobook Pro/Documents/HEIG-VD/TB/travail_de_bachelor/project/play-java-seed/app/model/entities/PoolEntry.java. Using fallback presentation compiler.[0m
2026.07.06 08:13:41 INFO  no build target found for /mnt/c/Users/Vivobook Pro/Documents/HEIG-VD/TB/travail_de_bachelor/project/play-java-seed/app/model/entities/PoolEntry.java. Using fallback presentation compiler.[0m
2026.07.06 08:13:41 INFO  no build target found for /mnt/c/Users/Vivobook Pro/Documents/HEIG-VD/TB/travail_de_bachelor/project/play-java-seed/app/model/entities/PoolEntry.java. Using fallback presentation compiler.[0m
2026.07.06 08:13:41 WARN  Running javac-semanticdb failed for file:///mnt/c/Users/Vivobook%20Pro/Documents/HEIG-VD/TB/travail_de_bachelor/project/play-java-seed/app/model/entities/PoolEntry.java. Output:
[0m
2026.07.06 08:13:41 INFO  no build target found for /mnt/c/Users/Vivobook Pro/Documents/HEIG-VD/TB/travail_de_bachelor/project/play-java-seed/app/model/entities/PoolEntry.java. Using fallback presentation compiler.[0m
2026.07.06 08:13:41 INFO  no build target found for /mnt/c/Users/Vivobook Pro/Documents/HEIG-VD/TB/travail_de_bachelor/project/play-java-seed/app/model/entities/PoolEntry.java. Using fallback presentation compiler.[0m
2026.07.06 08:13:42 INFO  no build target found for /mnt/c/Users/Vivobook Pro/Documents/HEIG-VD/TB/travail_de_bachelor/project/play-java-seed/app/model/entities/PoolEntry.java. Using fallback presentation compiler.[0m
2026.07.06 08:13:42 INFO  no build target found for /mnt/c/Users/Vivobook Pro/Documents/HEIG-VD/TB/travail_de_bachelor/project/play-java-seed/app/model/entities/PoolEntry.java. Using fallback presentation compiler.[0m
2026.07.06 08:13:42 INFO  no build target found for /mnt/c/Users/Vivobook Pro/Documents/HEIG-VD/TB/travail_de_bachelor/project/play-java-seed/app/model/entities/PoolEntry.java. Using fallback presentation compiler.[0m
2026.07.06 08:13:42 INFO  no build target found for /mnt/c/Users/Vivobook Pro/Documents/HEIG-VD/TB/travail_de_bachelor/project/play-java-seed/app/model/entities/PoolEntry.java. Using fallback presentation compiler.[0m
2026.07.06 08:13:42 INFO  no build target found for /mnt/c/Users/Vivobook Pro/Documents/HEIG-VD/TB/travail_de_bachelor/project/play-java-seed/app/model/entities/PoolEntry.java. Using fallback presentation compiler.[0m
2026.07.06 08:13:43 INFO  no build target found for /mnt/c/Users/Vivobook Pro/Documents/HEIG-VD/TB/travail_de_bachelor/project/play-java-seed/app/model/entities/PoolEntry.java. Using fallback presentation compiler.[0m
2026.07.06 08:13:42 INFO  no build target found for /mnt/c/Users/Vivobook Pro/Documents/HEIG-VD/TB/travail_de_bachelor/project/play-java-seed/app/model/entities/PoolEntry.java. Using fallback presentation compiler.[0m
2026.07.06 08:13:43 WARN  Running javac-semanticdb failed for file:///mnt/c/Users/Vivobook%20Pro/Documents/HEIG-VD/TB/travail_de_bachelor/project/play-java-seed/app/model/entities/PoolEntry.java. Output:
[0m
2026.07.06 08:13:42 INFO  no build target found for /mnt/c/Users/Vivobook Pro/Documents/HEIG-VD/TB/travail_de_bachelor/project/play-java-seed/app/model/entities/PoolEntry.java. Using fallback presentation compiler.[0m
2026.07.06 08:13:42 INFO  no build target found for /mnt/c/Users/Vivobook Pro/Documents/HEIG-VD/TB/travail_de_bachelor/project/play-java-seed/app/model/entities/PoolEntry.java. Using fallback presentation compiler.[0m
2026.07.06 08:13:43 WARN  Running javac-semanticdb failed for file:///mnt/c/Users/Vivobook%20Pro/Documents/HEIG-VD/TB/travail_de_bachelor/project/play-java-seed/app/model/entities/PoolEntry.java. Output:
[0m
2026.07.06 08:13:43 INFO  no build target found for /mnt/c/Users/Vivobook Pro/Documents/HEIG-VD/TB/travail_de_bachelor/project/play-java-seed/app/model/entities/PoolEntry.java. Using fallback presentation compiler.[0m
2026.07.06 08:13:44 INFO  no build target found for /mnt/c/Users/Vivobook Pro/Documents/HEIG-VD/TB/travail_de_bachelor/project/play-java-seed/app/model/entities/PoolEntry.java. Using fallback presentation compiler.[0m
2026.07.06 08:13:44 WARN  no build target for: /mnt/c/Users/Vivobook Pro/Documents/HEIG-VD/TB/travail_de_bachelor/project/play-java-seed/app/model/entities/PoolEntry.java[0m
2026.07.06 08:13:44 INFO  no build target found for /mnt/c/Users/Vivobook Pro/Documents/HEIG-VD/TB/travail_de_bachelor/project/play-java-seed/app/model/entities/PoolEntry.java. Using fallback presentation compiler.[0m
2026.07.06 08:13:45 INFO  no build target found for /mnt/c/Users/Vivobook Pro/Documents/HEIG-VD/TB/travail_de_bachelor/project/play-java-seed/app/model/entities/PoolEntry.java. Using fallback presentation compiler.[0m
2026.07.06 08:13:47 INFO  no build target found for /mnt/c/Users/Vivobook Pro/Documents/HEIG-VD/TB/travail_de_bachelor/project/play-java-seed/app/model/entities/PoolEntry.java. Using fallback presentation compiler.[0m
2026.07.06 08:13:59 INFO  no build target found for /mnt/c/Users/Vivobook Pro/Documents/HEIG-VD/TB/travail_de_bachelor/project/play-java-seed/app/model/entities/PoolEntry.java. Using fallback presentation compiler.[0m
2026.07.06 08:14:00 INFO  no build target found for /mnt/c/Users/Vivobook Pro/Documents/HEIG-VD/TB/travail_de_bachelor/project/play-java-seed/app/model/entities/PoolEntry.java. Using fallback presentation compiler.[0m
2026.07.06 08:14:01 INFO  no build target found for /mnt/c/Users/Vivobook Pro/Documents/HEIG-VD/TB/travail_de_bachelor/project/play-java-seed/app/model/entities/PoolEntry.java. Using fallback presentation compiler.[0m
2026.07.06 08:14:01 INFO  no build target found for /mnt/c/Users/Vivobook Pro/Documents/HEIG-VD/TB/travail_de_bachelor/project/play-java-seed/app/model/entities/PoolEntry.java. Using fallback presentation compiler.[0m
2026.07.06 08:14:02 INFO  no build target found for /mnt/c/Users/Vivobook Pro/Documents/HEIG-VD/TB/travail_de_bachelor/project/play-java-seed/app/model/entities/PoolEntry.java. Using fallback presentation compiler.[0m
2026.07.06 08:14:02 INFO  no build target found for /mnt/c/Users/Vivobook Pro/Documents/HEIG-VD/TB/travail_de_bachelor/project/play-java-seed/app/model/entities/PoolEntry.java. Using fallback presentation compiler.[0m
2026.07.06 08:14:42 INFO  no build target found for /mnt/c/Users/Vivobook Pro/Documents/HEIG-VD/TB/travail_de_bachelor/project/play-java-seed/app/model/entities/PoolEntry.java. Using fallback presentation compiler.[0m
2026.07.06 08:14:42 INFO  no build target found for /mnt/c/Users/Vivobook Pro/Documents/HEIG-VD/TB/travail_de_bachelor/project/play-java-seed/app/model/entities/PoolEntry.java. Using fallback presentation compiler.[0m
2026.07.06 08:14:45 INFO  no build target found for /mnt/c/Users/Vivobook Pro/Documents/HEIG-VD/TB/travail_de_bachelor/project/play-java-seed/app/model/entities/PoolEntry.java. Using fallback presentation compiler.[0m
2026.07.06 08:14:45 INFO  no build target found for /mnt/c/Users/Vivobook Pro/Documents/HEIG-VD/TB/travail_de_bachelor/project/play-java-seed/app/model/entities/PoolEntry.java. Using fallback presentation compiler.[0m
2026.07.06 08:14:45 WARN  Running javac-semanticdb failed for file:///mnt/c/Users/Vivobook%20Pro/Documents/HEIG-VD/TB/travail_de_bachelor/project/play-java-seed/app/model/entities/PoolEntry.java. Output:
[0m
2026.07.06 08:14:46 WARN  no build target for: /mnt/c/Users/Vivobook Pro/Documents/HEIG-VD/TB/travail_de_bachelor/project/play-java-seed/app/model/entities/PoolEntry.java[0m
2026.07.06 08:14:46 INFO  no build target found for /mnt/c/Users/Vivobook Pro/Documents/HEIG-VD/TB/travail_de_bachelor/project/play-java-seed/app/model/entities/PoolEntry.java. Using fallback presentation compiler.[0m
2026.07.06 08:14:48 INFO  no build target found for /mnt/c/Users/Vivobook Pro/Documents/HEIG-VD/TB/travail_de_bachelor/project/play-java-seed/app/model/entities/Game.java. Using fallback presentation compiler.[0m
Jul 06, 2026 8:14:4  AM org.eclipse.lsp4j.jsonrpc.RemoteEndpoint handleCancellation
WARNING: Unmatched cancel notification for request id 505
WARN  no build target for: /mnt/c/Users/Vivobook Pro/Documents/HEIG-VD/TB/travail_de_bachelor/project/play-java-seed/app/model/entities/Game.java[0m
2026.07.06 08:14:48 INFO  no build target found for /mnt/c/Users/Vivobook Pro/Documents/HEIG-VD/TB/travail_de_bachelor/project/play-java-seed/app/model/entities/Game.java. Using fallback presentation compiler.[0m
Jul 06, 2026 8:14:48 AM org.eclipse.lsp4j.jsonrpc.RemoteEndpoint handleCancellation
WARNING: Unmatched cancel notification for request id 507
2026.07.06 08:14:48 INFO  no build target found for /mnt/c/Users/Vivobook Pro/Documents/HEIG-VD/TB/travail_de_bachelor/project/play-java-seed/app/model/entities/Game.java. Using fallback presentation compiler.[0m
2026.07.06 08:14:48 INFO  no build target found for /mnt/c/Users/Vivobook Pro/Documents/HEIG-VD/TB/travail_de_bachelor/project/play-java-seed/app/model/entities/Game.java. Using fallback presentation compiler.[0m
2026.07.06 08:14:48 INFO  no build target found for /mnt/c/Users/Vivobook Pro/Documents/HEIG-VD/TB/travail_de_bachelor/project/play-java-seed/app/model/entities/Game.java. Using fallback presentation compiler.[0m
2026.07.06 08:15:23 INFO  no build target found for /mnt/c/Users/Vivobook Pro/Documents/HEIG-VD/TB/travail_de_bachelor/project/play-java-seed/app/model/entities/Game.java. Using fallback presentation compiler.[0m
2026.07.06 08:15:24 INFO  no build target found for /mnt/c/Users/Vivobook Pro/Documents/HEIG-VD/TB/travail_de_bachelor/project/play-java-seed/app/model/entities/Game.java. Using fallback presentation compiler.[0m
2026.07.06 08:15:24 INFO  no build target found for /mnt/c/Users/Vivobook Pro/Documents/HEIG-VD/TB/travail_de_bachelor/project/play-java-seed/app/model/entities/Game.java. Using fallback presentation compiler.[0m
2026.07.06 08:15:25 INFO  no build target found for /mnt/c/Users/Vivobook Pro/Documents/HEIG-VD/TB/travail_de_bachelor/project/play-java-seed/app/model/entities/Game.java. Using fallback presentation compiler.[0m
2026.07.06 08:15:25 INFO  no build target found for /mnt/c/Users/Vivobook Pro/Documents/HEIG-VD/TB/travail_de_bachelor/project/play-java-seed/app/model/entities/Game.java. Using fallback presentation compiler.[0m
2026.07.06 08:15:27 INFO  no build target found for /mnt/c/Users/Vivobook Pro/Documents/HEIG-VD/TB/travail_de_bachelor/project/play-java-seed/app/model/entities/Game.java. Using fallback presentation compiler.[0m
2026.07.06 08:15:27 WARN  Running javac-semanticdb failed for file:///mnt/c/Users/Vivobook%20Pro/Documents/HEIG-VD/TB/travail_de_bachelor/project/play-java-seed/app/model/entities/Game.java. Output:
[0m
2026.07.06 08:15:27 INFO  no build target found for /mnt/c/Users/Vivobook Pro/Documents/HEIG-VD/TB/travail_de_bachelor/project/play-java-seed/app/model/entities/Game.java. Using fallback presentation compiler.[0m
2026.07.06 08:15:27 INFO  no build target found for /mnt/c/Users/Vivobook Pro/Documents/HEIG-VD/TB/travail_de_bachelor/project/play-java-seed/app/model/entities/Game.java. Using fallback presentation compiler.[0m
2026.07.06 08:15:27 INFO  no build target found for /mnt/c/Users/Vivobook Pro/Documents/HEIG-VD/TB/travail_de_bachelor/project/play-java-seed/app/model/entities/Game.java. Using fallback presentation compiler.[0m
2026.07.06 08:15:27 INFO  no build target found for /mnt/c/Users/Vivobook Pro/Documents/HEIG-VD/TB/travail_de_bachelor/project/play-java-seed/app/model/entities/Game.java. Using fallback presentation compiler.[0m
2026.07.06 08:15:28 INFO  no build target found for /mnt/c/Users/Vivobook Pro/Documents/HEIG-VD/TB/travail_de_bachelor/project/play-java-seed/app/model/entities/Game.java. Using fallback presentation compiler.[0m
2026.07.06 08:15:28 INFO  no build target found for /mnt/c/Users/Vivobook Pro/Documents/HEIG-VD/TB/travail_de_bachelor/project/play-java-seed/app/model/entities/Game.java. Using fallback presentation compiler.[0m
2026.07.06 08:15:28 INFO  no build target found for /mnt/c/Users/Vivobook Pro/Documents/HEIG-VD/TB/travail_de_bachelor/project/play-java-seed/app/model/entities/Game.java. Using fallback presentation compiler.[0m
2026.07.06 08:15:28 INFO  no build target found for /mnt/c/Users/Vivobook Pro/Documents/HEIG-VD/TB/travail_de_bachelor/project/play-java-seed/app/model/entities/Game.java. Using fallback presentation compiler.[0m
2026.07.06 08:15:28 INFO  no build target found for /mnt/c/Users/Vivobook Pro/Documents/HEIG-VD/TB/travail_de_bachelor/project/play-java-seed/app/model/entities/Game.java. Using fallback presentation compiler.[0m
2026.07.06 08:15:28 INFO  no build target found for /mnt/c/Users/Vivobook Pro/Documents/HEIG-VD/TB/travail_de_bachelor/project/play-java-seed/app/model/entities/Game.java. Using fallback presentation compiler.[0m
2026.07.06 08:15:28 INFO  no build target found for /mnt/c/Users/Vivobook Pro/Documents/HEIG-VD/TB/travail_de_bachelor/project/play-java-seed/app/model/entities/Game.java. Using fallback presentation compiler.[0m
2026.07.06 08:15:28 INFO  no build target found for /mnt/c/Users/Vivobook Pro/Documents/HEIG-VD/TB/travail_de_bachelor/project/play-java-seed/app/model/entities/Game.java. Using fallback presentation compiler.[0m
2026.07.06 08:15:29 WARN  Running javac-semanticdb failed for file:///mnt/c/Users/Vivobook%20Pro/Documents/HEIG-VD/TB/travail_de_bachelor/project/play-java-seed/app/model/entities/Game.java. Output:
[0m
2026.07.06 08:15:28 INFO  no build target found for /mnt/c/Users/Vivobook Pro/Documents/HEIG-VD/TB/travail_de_bachelor/project/play-java-seed/app/model/entities/Game.java. Using fallback presentation compiler.[0m
2026.07.06 08:15:28 INFO  no build target found for /mnt/c/Users/Vivobook Pro/Documents/HEIG-VD/TB/travail_de_bachelor/project/play-java-seed/app/model/entities/Game.java. Using fallback presentation compiler.[0m
Jul 06, 2026 8:15:29 AM org.eclipse.lsp4j.jsonrpc.RemoteEndpoint handleCancellation
WARNING: Unmatched cancel notification for request id 546
2026.07.06 08:15:28 INFO  no build target found for /mnt/c/Users/Vivobook Pro/Documents/HEIG-VD/TB/travail_de_bachelor/project/play-java-seed/app/model/entities/Game.java. Using fallback presentation compiler.[0m
2026.07.06 08:15:28 INFO  no build target found for /mnt/c/Users/Vivobook Pro/Documents/HEIG-VD/TB/travail_de_bachelor/project/play-java-seed/app/model/entities/Game.java. Using fallback presentation compiler.[0m
2026.07.06 08:15:28 INFO  no build target found for /mnt/c/Users/Vivobook Pro/Documents/HEIG-VD/TB/travail_de_bachelor/project/play-java-seed/app/model/entities/Game.java. Using fallback presentation compiler.[0m
2026.07.06 08:15:28 INFO  no build target found for /mnt/c/Users/Vivobook Pro/Documents/HEIG-VD/TB/travail_de_bachelor/project/play-java-seed/app/model/entities/Game.java. Using fallback presentation compiler.[0m
2026.07.06 08:15:29 WARN  Running javac-semanticdb failed for file:///mnt/c/Users/Vivobook%20Pro/Documents/HEIG-VD/TB/travail_de_bachelor/project/play-java-seed/app/model/entities/Game.java. Output:
[0m
2026.07.06 08:15:30 INFO  no build target found for /mnt/c/Users/Vivobook Pro/Documents/HEIG-VD/TB/travail_de_bachelor/project/play-java-seed/app/model/entities/Game.java. Using fallback presentation compiler.[0m
2026.07.06 08:15:30 WARN  no build target for: /mnt/c/Users/Vivobook Pro/Documents/HEIG-VD/TB/travail_de_bachelor/project/play-java-seed/app/model/entities/Game.java[0m
2026.07.06 08:15:29 INFO  QDox parse error in file:///mnt/c/Users/Vivobook%20Pro/Documents/HEIG-VD/TB/travail_de_bachelor/project/play-java-seed/app/model/entities/Game.java (full report at: "/mnt/c/Users/Vivobook Pro/Documents/HEIG-VD/TB/travail_de_bachelor/project/play-java-seed/.metals/.reports/metals-full/2026-07-06/r_qdox-error_08-08-57-572.md")[0m
2026.07.06 08:15:30 INFO  no build target found for /mnt/c/Users/Vivobook Pro/Documents/HEIG-VD/TB/travail_de_bachelor/project/play-java-seed/app/model/entities/Game.java. Using fallback presentation compiler.[0m
2026.07.06 08:15:30 INFO  no build target found for /mnt/c/Users/Vivobook Pro/Documents/HEIG-VD/TB/travail_de_bachelor/project/play-java-seed/app/model/entities/Game.java. Using fallback presentation compiler.[0m
2026.07.06 08:15:30 INFO  no build target found for /mnt/c/Users/Vivobook Pro/Documents/HEIG-VD/TB/travail_de_bachelor/project/play-java-seed/app/model/entities/Game.java. Using fallback presentation compiler.[0m
2026.07.06 08:15:30 INFO  no build target found for /mnt/c/Users/Vivobook Pro/Documents/HEIG-VD/TB/travail_de_bachelor/project/play-java-seed/app/model/entities/Game.java. Using fallback presentation compiler.[0m
2026.07.06 08:15:31 INFO  no build target found for /mnt/c/Users/Vivobook Pro/Documents/HEIG-VD/TB/travail_de_bachelor/project/play-java-seed/app/model/entities/Game.java. Using fallback presentation compiler.[0m
2026.07.06 08:15:30 INFO  no build target found for /mnt/c/Users/Vivobook Pro/Documents/HEIG-VD/TB/travail_de_bachelor/project/play-java-seed/app/model/entities/Game.java. Using fallback presentation compiler.[0m
2026.07.06 08:15:31 WARN  Running javac-semanticdb failed for file:///mnt/c/Users/Vivobook%20Pro/Documents/HEIG-VD/TB/travail_de_bachelor/project/play-java-seed/app/model/entities/Game.java. Output:
[0m
2026.07.06 08:15:31 INFO  no build target found for /mnt/c/Users/Vivobook Pro/Documents/HEIG-VD/TB/travail_de_bachelor/project/play-java-seed/app/model/entities/Game.java. Using fallback presentation compiler.[0m
2026.07.06 08:15:31 INFO  no build target found for /mnt/c/Users/Vivobook Pro/Documents/HEIG-VD/TB/travail_de_bachelor/project/play-java-seed/app/model/entities/Game.java. Using fallback presentation compiler.[0m
2026.07.06 08:15:31 INFO  no build target found for /mnt/c/Users/Vivobook Pro/Documents/HEIG-VD/TB/travail_de_bachelor/project/play-java-seed/app/model/entities/Game.java. Using fallback presentation compiler.[0m
2026.07.06 08:15:30 WARN  Running javac-semanticdb failed for file:///mnt/c/Users/Vivobook%20Pro/Documents/HEIG-VD/TB/travail_de_bachelor/project/play-java-seed/app/model/entities/Game.java. Output:
[0m
2026.07.06 08:15:31 INFO  no build target found for /mnt/c/Users/Vivobook Pro/Documents/HEIG-VD/TB/travail_de_bachelor/project/play-java-seed/app/model/entities/Game.java. Using fallback presentation compiler.[0m
2026.07.06 08:15:31 INFO  no build target found for /mnt/c/Users/Vivobook Pro/Documents/HEIG-VD/TB/travail_de_bachelor/project/play-java-seed/app/model/entities/Game.java. Using fallback presentation compiler.[0m
2026.07.06 08:15:31 INFO  no build target found for /mnt/c/Users/Vivobook Pro/Documents/HEIG-VD/TB/travail_de_bachelor/project/play-java-seed/app/model/entities/Game.java. Using fallback presentation compiler.[0m
2026.07.06 08:15:31 INFO  no build target found for /mnt/c/Users/Vivobook Pro/Documents/HEIG-VD/TB/travail_de_bachelor/project/play-java-seed/app/model/entities/Game.java. Using fallback presentation compiler.[0m
Jul 06, 2026 8:15:32 AM org.eclipse.lsp4j.jsonrpc.RemoteEndpoint handleCancellation
WARNING: Unmatched cancel notification for request id 580
2026.07.06 08:15:31 INFO  no build target found for /mnt/c/Users/Vivobook Pro/Documents/HEIG-VD/TB/travail_de_bachelor/project/play-java-seed/app/model/entities/Game.java. Using fallback presentation compiler.[0m
2026.07.06 08:15:32 WARN  Running javac-semanticdb failed for file:///mnt/c/Users/Vivobook%20Pro/Documents/HEIG-VD/TB/travail_de_bachelor/project/play-java-seed/app/model/entities/Game.java. Output:
[0m
2026.07.06 08:15:32 INFO  no build target found for /mnt/c/Users/Vivobook Pro/Documents/HEIG-VD/TB/travail_de_bachelor/project/play-java-seed/app/model/entities/Game.java. Using fallback presentation compiler.[0m
2026.07.06 08:15:32 INFO  no build target found for /mnt/c/Users/Vivobook Pro/Documents/HEIG-VD/TB/travail_de_bachelor/project/play-java-seed/app/model/entities/Game.java. Using fallback presentation compiler.[0m
2026.07.06 08:15:32 INFO  no build target found for /mnt/c/Users/Vivobook Pro/Documents/HEIG-VD/TB/travail_de_bachelor/project/play-java-seed/app/model/entities/Game.java. Using fallback presentation compiler.[0m
2026.07.06 08:15:32 INFO  no build target found for /mnt/c/Users/Vivobook Pro/Documents/HEIG-VD/TB/travail_de_bachelor/project/play-java-seed/app/model/entities/Game.java. Using fallback presentation compiler.[0m
Jul 06, 2026 8:15:32 AM org.eclipse.lsp4j.jsonrpc.RemoteEndpoint handleCancellation
WARNING: Unmatched cancel notification for request id 587
2026.07.06 08:15:32 INFO  no build target found for /mnt/c/Users/Vivobook Pro/Documents/HEIG-VD/TB/travail_de_bachelor/project/play-java-seed/app/model/entities/Game.java. Using fallback presentation compiler.[0m
2026.07.06 08:15:32 WARN  Running javac-semanticdb failed for file:///mnt/c/Users/Vivobook%20Pro/Documents/HEIG-VD/TB/travail_de_bachelor/project/play-java-seed/app/model/entities/Game.java. Output:
[0m
2026.07.06 08:15:32 INFO  no build target found for /mnt/c/Users/Vivobook Pro/Documents/HEIG-VD/TB/travail_de_bachelor/project/play-java-seed/app/model/entities/Game.java. Using fallback presentation compiler.[0m
2026.07.06 08:15:32 INFO  no build target found for /mnt/c/Users/Vivobook Pro/Documents/HEIG-VD/TB/travail_de_bachelor/project/play-java-seed/app/model/entities/Game.java. Using fallback presentation compiler.[0m
2026.07.06 08:15:32 INFO  no build target found for /mnt/c/Users/Vivobook Pro/Documents/HEIG-VD/TB/travail_de_bachelor/project/play-java-seed/app/model/entities/Game.java. Using fallback presentation compiler.[0m
2026.07.06 08:15:32 INFO  no build target found for /mnt/c/Users/Vivobook Pro/Documents/HEIG-VD/TB/travail_de_bachelor/project/play-java-seed/app/model/entities/Game.java. Using fallback presentation compiler.[0m
2026.07.06 08:15:32 INFO  no build target found for /mnt/c/Users/Vivobook Pro/Documents/HEIG-VD/TB/travail_de_bachelor/project/play-java-seed/app/model/entities/Game.java. Using fallback presentation compiler.[0m
2026.07.06 08:15:33 INFO  no build target found for /mnt/c/Users/Vivobook Pro/Documents/HEIG-VD/TB/travail_de_bachelor/project/play-java-seed/app/model/entities/Game.java. Using fallback presentation compiler.[0m
2026.07.06 08:15:32 INFO  no build target found for /mnt/c/Users/Vivobook Pro/Documents/HEIG-VD/TB/travail_de_bachelor/project/play-java-seed/app/model/entities/Game.java. Using fallback presentation compiler.[0m
2026.07.06 08:15:33 WARN  Running javac-semanticdb failed for file:///mnt/c/Users/Vivobook%20Pro/Documents/HEIG-VD/TB/travail_de_bachelor/project/play-java-seed/app/model/entities/Game.java. Output:
[0m
2026.07.06 08:15:33 INFO  no build target found for /mnt/c/Users/Vivobook Pro/Documents/HEIG-VD/TB/travail_de_bachelor/project/play-java-seed/app/model/entities/Game.java. Using fallback presentation compiler.[0m
2026.07.06 08:15:33 INFO  no build target found for /mnt/c/Users/Vivobook Pro/Documents/HEIG-VD/TB/travail_de_bachelor/project/play-java-seed/app/model/entities/Game.java. Using fallback presentation compiler.[0m
2026.07.06 08:15:33 WARN  Running javac-semanticdb failed for file:///mnt/c/Users/Vivobook%20Pro/Documents/HEIG-VD/TB/travail_de_bachelor/project/play-java-seed/app/model/entities/Game.java. Output:
[0m
2026.07.06 08:15:33 INFO  no build target found for /mnt/c/Users/Vivobook Pro/Documents/HEIG-VD/TB/travail_de_bachelor/project/play-java-seed/app/model/entities/Game.java. Using fallback presentation compiler.[0m
2026.07.06 08:15:33 INFO  no build target found for /mnt/c/Users/Vivobook Pro/Documents/HEIG-VD/TB/travail_de_bachelor/project/play-java-seed/app/model/entities/Game.java. Using fallback presentation compiler.[0m
2026.07.06 08:15:33 INFO  no build target found for /mnt/c/Users/Vivobook Pro/Documents/HEIG-VD/TB/travail_de_bachelor/project/play-java-seed/app/model/entities/Game.java. Using fallback presentation compiler.[0m
2026.07.06 08:15:33 INFO  no build target found for /mnt/c/Users/Vivobook Pro/Documents/HEIG-VD/TB/travail_de_bachelor/project/play-java-seed/app/model/entities/Game.java. Using fallback presentation compiler.[0m
2026.07.06 08:15:33 INFO  no build target found for /mnt/c/Users/Vivobook Pro/Documents/HEIG-VD/TB/travail_de_bachelor/project/play-java-seed/app/model/entities/Game.java. Using fallback presentation compiler.[0m
2026.07.06 08:15:33 INFO  no build target found for /mnt/c/Users/Vivobook Pro/Documents/HEIG-VD/TB/travail_de_bachelor/project/play-java-seed/app/model/entities/Game.java. Using fallback presentation compiler.[0m
2026.07.06 08:15:33 INFO  no build target found for /mnt/c/Users/Vivobook Pro/Documents/HEIG-VD/TB/travail_de_bachelor/project/play-java-seed/app/model/entities/Game.java. Using fallback presentation compiler.[0m
2026.07.06 08:15:34 INFO  no build target found for /mnt/c/Users/Vivobook Pro/Documents/HEIG-VD/TB/travail_de_bachelor/project/play-java-seed/app/model/entities/Game.java. Using fallback presentation compiler.[0m
2026.07.06 08:15:33 INFO  no build target found for /mnt/c/Users/Vivobook Pro/Documents/HEIG-VD/TB/travail_de_bachelor/project/play-java-seed/app/model/entities/Game.java. Using fallback presentation compiler.[0m
2026.07.06 08:15:34 INFO  no build target found for /mnt/c/Users/Vivobook Pro/Documents/HEIG-VD/TB/travail_de_bachelor/project/play-java-seed/app/model/entities/Game.java. Using fallback presentation compiler.[0m
2026.07.06 08:15:34 INFO  no build target found for /mnt/c/Users/Vivobook Pro/Documents/HEIG-VD/TB/travail_de_bachelor/project/play-java-seed/app/model/entities/Game.java. Using fallback presentation compiler.[0m
2026.07.06 08:15:34 INFO  no build target found for /mnt/c/Users/Vivobook Pro/Documents/HEIG-VD/TB/travail_de_bachelor/project/play-java-seed/app/model/entities/Game.java. Using fallback presentation compiler.[0m
2026.07.06 08:15:34 INFO  no build target found for /mnt/c/Users/Vivobook Pro/Documents/HEIG-VD/TB/travail_de_bachelor/project/play-java-seed/app/model/entities/Game.java. Using fallback presentation compiler.[0m
2026.07.06 08:15:34 INFO  no build target found for /mnt/c/Users/Vivobook Pro/Documents/HEIG-VD/TB/travail_de_bachelor/project/play-java-seed/app/model/entities/Game.java. Using fallback presentation compiler.[0m
2026.07.06 08:15:34 WARN  Running javac-semanticdb failed for file:///mnt/c/Users/Vivobook%20Pro/Documents/HEIG-VD/TB/travail_de_bachelor/project/play-java-seed/app/model/entities/Game.java. Output:
[0m
2026.07.06 08:15:34 INFO  no build target found for /mnt/c/Users/Vivobook Pro/Documents/HEIG-VD/TB/travail_de_bachelor/project/play-java-seed/app/model/entities/Game.java. Using fallback presentation compiler.[0m
2026.07.06 08:15:34 INFO  no build target found for /mnt/c/Users/Vivobook Pro/Documents/HEIG-VD/TB/travail_de_bachelor/project/play-java-seed/app/model/entities/Game.java. Using fallback presentation compiler.[0m
2026.07.06 08:15:35 WARN  no build target for: /mnt/c/Users/Vivobook Pro/Documents/HEIG-VD/TB/travail_de_bachelor/project/play-java-seed/app/model/entities/Game.java[0m
2026.07.06 08:15:35 INFO  QDox parse error in file:///mnt/c/Users/Vivobook%20Pro/Documents/HEIG-VD/TB/travail_de_bachelor/project/play-java-seed/app/model/entities/Game.java (full report at: "/mnt/c/Users/Vivobook Pro/Documents/HEIG-VD/TB/travail_de_bachelor/project/play-java-seed/.metals/.reports/metals-full/2026-07-06/r_qdox-error_08-08-57-572.md")[0m
2026.07.06 08:15:35 INFO  no build target found for /mnt/c/Users/Vivobook Pro/Documents/HEIG-VD/TB/travail_de_bachelor/project/play-java-seed/app/model/entities/Game.java. Using fallback presentation compiler.[0m
2026.07.06 08:15:36 INFO  no build target found for /mnt/c/Users/Vivobook Pro/Documents/HEIG-VD/TB/travail_de_bachelor/project/play-java-seed/app/model/entities/Game.java. Using fallback presentation compiler.[0m
2026.07.06 08:15:36 INFO  no build target found for /mnt/c/Users/Vivobook Pro/Documents/HEIG-VD/TB/travail_de_bachelor/project/play-java-seed/app/model/entities/Game.java. Using fallback presentation compiler.[0m
2026.07.06 08:15:36 WARN  Running javac-semanticdb failed for file:///mnt/c/Users/Vivobook%20Pro/Documents/HEIG-VD/TB/travail_de_bachelor/project/play-java-seed/app/model/entities/Game.java. Output:
[0m
2026.07.06 08:15:36 INFO  no build target found for /mnt/c/Users/Vivobook Pro/Documents/HEIG-VD/TB/travail_de_bachelor/project/play-java-seed/app/model/entities/Game.java. Using fallback presentation compiler.[0m
2026.07.06 08:15:36 INFO  no build target found for /mnt/c/Users/Vivobook Pro/Documents/HEIG-VD/TB/travail_de_bachelor/project/play-java-seed/app/model/entities/Game.java. Using fallback presentation compiler.[0m
2026.07.06 08:15:37 WARN  no build target for: /mnt/c/Users/Vivobook Pro/Documents/HEIG-VD/TB/travail_de_bachelor/project/play-java-seed/app/model/entities/Game.java[0m
2026.07.06 08:15:36 INFO  no build target found for /mnt/c/Users/Vivobook Pro/Documents/HEIG-VD/TB/travail_de_bachelor/project/play-java-seed/app/model/entities/Game.java. Using fallback presentation compiler.[0m
2026.07.06 08:15:38 INFO  no build target found for /mnt/c/Users/Vivobook Pro/Documents/HEIG-VD/TB/travail_de_bachelor/project/play-java-seed/app/model/entities/Game.java. Using fallback presentation compiler.[0m
2026.07.06 08:15:38 INFO  no build target found for /mnt/c/Users/Vivobook Pro/Documents/HEIG-VD/TB/travail_de_bachelor/project/play-java-seed/app/model/entities/Game.java. Using fallback presentation compiler.[0m
2026.07.06 08:15:38 INFO  no build target found for /mnt/c/Users/Vivobook Pro/Documents/HEIG-VD/TB/travail_de_bachelor/project/play-java-seed/app/model/entities/Game.java. Using fallback presentation compiler.[0m
2026.07.06 08:15:39 INFO  no build target found for /mnt/c/Users/Vivobook Pro/Documents/HEIG-VD/TB/travail_de_bachelor/project/play-java-seed/app/model/entities/Game.java. Using fallback presentation compiler.[0m
2026.07.06 08:15:39 INFO  no build target found for /mnt/c/Users/Vivobook Pro/Documents/HEIG-VD/TB/travail_de_bachelor/project/play-java-seed/app/model/entities/Game.java. Using fallback presentation compiler.[0m
2026.07.06 08:15:40 INFO  no build target found for /mnt/c/Users/Vivobook Pro/Documents/HEIG-VD/TB/travail_de_bachelor/project/play-java-seed/app/model/entities/Game.java. Using fallback presentation compiler.[0m
2026.07.06 08:15:40 INFO  no build target found for /mnt/c/Users/Vivobook Pro/Documents/HEIG-VD/TB/travail_de_bachelor/project/play-java-seed/app/model/entities/Game.java. Using fallback presentation compiler.[0m
2026.07.06 08:15:42 INFO  no build target found for /mnt/c/Users/Vivobook Pro/Documents/HEIG-VD/TB/travail_de_bachelor/project/play-java-seed/app/model/entities/PoolEntry.java. Using fallback presentation compiler.[0m
2026.07.06 08:15:42 Jul 0 , 2026 8:15:42 AM org.eclipse.lsp4j.jsonrpc.RemoteEndpoint handleCancellation
WARNING: Unmatched cancel notification for request id 646
no build target for: /mnt/c/Users/Vivobook Pro/Documents/HEIG-VD/TB/travail_de_bachelor/project/play-java-seed/app/model/entities/PoolEntry.java[0m
2026.07.06 08:15:42 INFO  no build target found for /mnt/c/Users/Vivobook Pro/Documents/HEIG-VD/TB/travail_de_bachelor/project/play-java-seed/app/model/entities/PoolEntry.java. Using fallback presentation compiler.[0m
2026.07.06 08:15:42 INFO  no build target found for /mnt/c/Users/Vivobook Pro/Documents/HEIG-VD/TB/travail_de_bachelor/project/play-java-seed/app/model/entities/PoolEntry.java. Using fallback presentation compiler.[0m
2026.07.06 08:16:03 INFO  no build target found for /mnt/c/Users/Vivobook Pro/Documents/HEIG-VD/TB/travail_de_bachelor/project/play-java-seed/app/model/entities/PoolEntry.java. Using fallback presentation compiler.[0m
2026.07.06 08:16:06 INFO  no build target found for /mnt/c/Users/Vivobook Pro/Documents/HEIG-VD/TB/travail_de_bachelor/project/play-java-seed/app/model/entities/PoolEntry.java. Using fallback presentation compiler.[0m
2026.07.06 08:16:06 INFO  no build target found for /mnt/c/Users/Vivobook Pro/Documents/HEIG-VD/TB/travail_de_bachelor/project/play-java-seed/app/model/entities/PoolEntry.java. Using fallback presentation compiler.[0m
2026.07.06 08:16:06 INFO  no build target found for /mnt/c/Users/Vivobook Pro/Documents/HEIG-VD/TB/travail_de_bachelor/project/play-java-seed/app/model/entities/PoolEntry.java. Using fallback presentation compiler.[0m
2026.07.06 08:16:19 INFO  no build target found for /mnt/c/Users/Vivobook Pro/Documents/HEIG-VD/TB/travail_de_bachelor/project/play-java-seed/app/model/entities/PoolEntry.java. Using fallback presentation compiler.[0m
2026.07.06 08:16:22 INFO  no build target found for /mnt/c/Users/Vivobook Pro/Documents/HEIG-VD/TB/travail_de_bachelor/project/play-java-seed/app/model/entities/PoolEntry.java. Using fallback presentation compiler.[0m
2026.07.06 08:16:22 INFO  no build target found for /mnt/c/Users/Vivobook Pro/Documents/HEIG-VD/TB/travail_de_bachelor/project/play-java-seed/app/model/entities/PoolEntry.java. Using fallback presentation compiler.[0m
2026.07.06 08:16:22 INFO  no build target found for /mnt/c/Users/Vivobook Pro/Documents/HEIG-VD/TB/travail_de_bachelor/project/play-java-seed/app/model/entities/PoolEntry.java. Using fallback presentation compiler.[0m
2026.07.06 08:16:23 INFO  no build target found for /mnt/c/Users/Vivobook Pro/Documents/HEIG-VD/TB/travail_de_bachelor/project/play-java-seed/app/model/entities/PoolEntry.java. Using fallback presentation compiler.[0m
2026.07.06 08:16:23 INFO  no build target found for /mnt/c/Users/Vivobook Pro/Documents/HEIG-VD/TB/travail_de_bachelor/project/play-java-seed/app/model/entities/PoolEntry.java. Using fallback presentation compiler.[0m
2026.07.06 08:16:24 INFO  no build target found for /mnt/c/Users/Vivobook Pro/Documents/HEIG-VD/TB/travail_de_bachelor/project/play-java-seed/app/model/entities/PoolEntry.java. Using fallback presentation compiler.[0m
2026.07.06 08:16:24 INFO  no build target found for /mnt/c/Users/Vivobook Pro/Documents/HEIG-VD/TB/travail_de_bachelor/project/play-java-seed/app/model/entities/PoolEntry.java. Using fallback presentation compiler.[0m
2026.07.06 08:16:24 INFO  no build target found for /mnt/c/Users/Vivobook Pro/Documents/HEIG-VD/TB/travail_de_bachelor/project/play-java-seed/app/model/entities/PoolEntry.java. Using fallback presentation compiler.[0m
2026.07.06 08:16:24 INFO  no build target found for /mnt/c/Users/Vivobook Pro/Documents/HEIG-VD/TB/travail_de_bachelor/project/play-java-seed/app/model/entities/PoolEntry.java. Using fallback presentation compiler.[0m
2026.07.06 08:16:25 WARN  Running javac-semanticdb failed for file:///mnt/c/Users/Vivobook%20Pro/Documents/HEIG-VD/TB/travail_de_bachelor/project/play-java-seed/app/model/entities/PoolEntry.java. Output:
[0m
2026.07.06 08:16:24 INFO  no build target found for /mnt/c/Users/Vivobook Pro/Documents/HEIG-VD/TB/travail_de_bachelor/project/play-java-seed/app/model/entities/PoolEntry.java. Using fallback presentation compiler.[0m
2026.07.06 08:16:24 INFO  no build target found for /mnt/c/Users/Vivobook Pro/Documents/HEIG-VD/TB/travail_de_bachelor/project/play-java-seed/app/model/entities/PoolEntry.java. Using fallback presentation compiler.[0m
2026.07.06 08:16:25 WARN  no build target for: /mnt/c/Users/Vivobook Pro/Documents/HEIG-VD/TB/travail_de_bachelor/project/play-java-seed/app/model/entities/PoolEntry.java[0m
2026.07.06 08:16:26 INFO  no build target found for /mnt/c/Users/Vivobook Pro/Documents/HEIG-VD/TB/travail_de_bachelor/project/play-java-seed/app/model/entities/PoolEntry.java. Using fallback presentation compiler.[0m
2026.07.06 08:16:26 INFO  no build target found for /mnt/c/Users/Vivobook Pro/Documents/HEIG-VD/TB/travail_de_bachelor/project/play-java-seed/app/model/entities/PoolEntry.java. Using fallback presentation compiler.[0m
2026.07.06 08:16:26 INFO  no build target found for /mnt/c/Users/Vivobook Pro/Documents/HEIG-VD/TB/travail_de_bachelor/project/play-java-seed/app/model/entities/Pool.java. Using fallback presentation compiler.[0m
2026.07.06 08:16:27 WARN Jno build target for: /mnt/c/Users/Vivobook Pro/Documents/HEIG-VD/TB/travail_de_bachelor/project/play-java-seed/app/model/entities/Pool.java7
[0m
2026.07.06 08:16:27 INFO  no build target found for /mnt/c/Users/Vivobook Pro/Documents/HEIG-VD/TB/travail_de_bachelor/project/play-java-seed/app/model/entities/Pool.java. Using fallback presentation compiler.[0m
2026.07.06 08:16:27 INFO  no build target found for /mnt/c/Users/Vivobook Pro/Documents/HEIG-VD/TB/travail_de_bachelor/project/play-java-seed/app/model/entities/Pool.java. Using fallback presentation compiler.[0m
2026.07.06 08:16:29 INFO  no build target found for /mnt/c/Users/Vivobook Pro/Documents/HEIG-VD/TB/travail_de_bachelor/project/play-java-seed/app/model/entities/Pool.java. Using fallback presentation compiler.[0m
2026.07.06 08:16:29 INFO  no build target found for /mnt/c/Users/Vivobook Pro/Documents/HEIG-VD/TB/travail_de_bachelor/project/play-java-seed/app/model/entities/Pool.java. Using fallback presentation compiler.[0m
2026.07.06 08:16:29 INFO  no build target found for /mnt/c/Users/Vivobook Pro/Documents/HEIG-VD/TB/travail_de_bachelor/project/play-java-seed/app/model/entities/Pool.java. Using fallback presentation compiler.[0m
2026.07.06 08:16:30 INFO  no build target found for /mnt/c/Users/Vivobook Pro/Documents/HEIG-VD/TB/travail_de_bachelor/project/play-java-seed/app/model/entities/Pool.java. Using fallback presentation compiler.[0m
2026.07.06 08:16:30 INFO  no build target found for /mnt/c/Users/Vivobook Pro/Documents/HEIG-VD/TB/travail_de_bachelor/project/play-java-seed/app/model/entities/Pool.java. Using fallback presentation compiler.[0m
2026.07.06 08:16:30 INFO  no build target found for /mnt/c/Users/Vivobook Pro/Documents/HEIG-VD/TB/travail_de_bachelor/project/play-java-seed/app/model/entities/Pool.java. Using fallback presentation compiler.[0m
2026.07.06 08:16:30 WARN  Running javac-semanticdb failed for file:///mnt/c/Users/Vivobook%20Pro/Documents/HEIG-VD/TB/travail_de_bachelor/project/play-java-seed/app/model/entities/Pool.java. Output:
[0m
2026.07.06 08:16:30 INFO  no build target found for /mnt/c/Users/Vivobook Pro/Documents/HEIG-VD/TB/travail_de_bachelor/project/play-java-seed/app/model/entities/Pool.java. Using fallback presentation compiler.[0m
2026.07.06 08:16:30 INFO  no build target found for /mnt/c/Users/Vivobook Pro/Documents/HEIG-VD/TB/travail_de_bachelor/project/play-java-seed/app/model/entities/Pool.java. Using fallback presentation compiler.[0m
2026.07.06 08:16:31 WARN  no build target for: /mnt/c/Users/Vivobook Pro/Documents/HEIG-VD/TB/travail_de_bachelor/project/play-java-seed/app/model/entities/Pool.java[0m
2026.07.06 08:16:31 INFO  no build target found for /mnt/c/Users/Vivobook Pro/Documents/HEIG-VD/TB/travail_de_bachelor/project/play-java-seed/app/model/entities/Pool.java. Using fallback presentation compiler.[0m
2026.07.06 08:16:32 INFO  no build target found for /mnt/c/Users/Vivobook Pro/Documents/HEIG-VD/TB/travail_de_bachelor/project/play-java-seed/app/model/entities/Pool.java. Using fallback presentation compiler.[0m
2026.07.06 08:16:32 INFO  no build target found for /mnt/c/Users/Vivobook Pro/Documents/HEIG-VD/TB/travail_de_bachelor/project/play-java-seed/app/model/entities/PoolEntry.java. Using fallback presentation compiler.[0m
2026.07.06 08:16:33 WARN  no build target for: /mnt/c/Users/Vivobook Pro/Documents/HEIG-VD/TB/travail_de_bachelor/project/play-java-seed/app/model/entities/PoolEntry.java[0m
Jul 06, 2026 8:16:33 AM org.eclipse.lsp4j.jsonrpc.RemoteEndpoint handleCancellation
WARNING: Unmatched cancel notification for request id 709
2026.07.06 08:16:32 INFO  no build target found for /mnt/c/Users/Vivobook Pro/Documents/HEIG-VD/TB/travail_de_bachelor/project/play-java-seed/app/model/entities/PoolEntry.java. Using fallback presentation compiler.[0m
Jul 06, 2026 8:16:33 AM org.eclipse.lsp4j.jsonrpc.RemoteEndpoint handleCancellation
WARNING: Unmatched cancel notification for request id 711
2026.07.06 08:16:33 INFO  no build target found for /mnt/c/Users/Vivobook Pro/Documents/HEIG-VD/TB/travail_de_bachelor/project/play-java-seed/app/model/entities/PoolEntry.java. Using fallback presentation compiler.[0m
2026.07.06 08:16:32 INFO  no build target found for /mnt/c/Users/Vivobook Pro/Documents/HEIG-VD/TB/travail_de_bachelor/project/play-java-seed/app/model/entities/PoolEntry.java. Using fallback presentation compiler.[0m
2026.07.06 08:16:33 INFO  no build target found for /mnt/c/Users/Vivobook Pro/Documents/HEIG-VD/TB/travail_de_bachelor/project/play-java-seed/app/model/entities/PoolEntry.java. Using fallback presentation compiler.[0m
2026.07.06 08:16:33 INFO  no build target found for /mnt/c/Users/Vivobook Pro/Documents/HEIG-VD/TB/travail_de_bachelor/project/play-java-seed/app/model/entities/Team.java. Using fallback presentation compiler.[0m
2026.07.06 08:16:34 WARN  no build target for: /mnt/c/Users/Vivobook Pro/Documents/HEIG-VD/TB/travail_de_bachelor/project/play-java-seed/app/model/entities/Team.java[0m
2026.07.06 08:16:33 INFO  no build target found for /mnt/c/Users/Vivobook Pro/Documents/HEIG-VD/TB/travail_de_bachelor/project/play-java-seed/app/model/entities/Team.java. Using fallback presentation compiler.[0m
2026.07.06 08:16:34 INFO  no build target found for /mnt/c/Users/Vivobook Pro/Documents/HEIG-VD/TB/travail_de_bachelor/project/play-java-seed/app/model/entities/Team.java. Using fallback presentation compiler.[0m
2026.07.06 08:16:33 INFO  no build target found for /mnt/c/Users/Vivobook Pro/Documents/HEIG-VD/TB/travail_de_bachelor/project/play-java-seed/app/model/entities/Team.java. Using fallback presentation compiler.[0m
2026.07.06 08:16:35 INFO  no build target found for /mnt/c/Users/Vivobook Pro/Documents/HEIG-VD/TB/travail_de_bachelor/project/play-java-seed/app/model/entities/Team.java. Using fallback presentation compiler.[0m
2026.07.06 08:16:35 INFO  no build target found for /mnt/c/Users/Vivobook Pro/Documents/HEIG-VD/TB/travail_de_bachelor/project/play-java-seed/app/model/entities/Team.java. Using fallback presentation compiler.[0m
2026.07.06 08:16:36 INFO  no build target found for /mnt/c/Users/Vivobook Pro/Documents/HEIG-VD/TB/travail_de_bachelor/project/play-java-seed/app/model/entities/Team.java. Using fallback presentation compiler.[0m
2026.07.06 08:16:38 INFO  no build target found for /mnt/c/Users/Vivobook Pro/Documents/HEIG-VD/TB/travail_de_bachelor/project/play-java-seed/app/model/entities/Team.java. Using fallback presentation compiler.[0m
2026.07.06 08:16:38 INFO  no build target found for /mnt/c/Users/Vivobook Pro/Documents/HEIG-VD/TB/travail_de_bachelor/project/play-java-seed/app/model/entities/Team.java. Using fallback presentation compiler.[0m
2026.07.06 08:16:40 INFO  no build target found for /mnt/c/Users/Vivobook Pro/Documents/HEIG-VD/TB/travail_de_bachelor/project/play-java-seed/app/model/entities/Team.java. Using fallback presentation compiler.[0m
2026.07.06 08:16:40 INFO  no build target found for /mnt/c/Users/Vivobook Pro/Documents/HEIG-VD/TB/travail_de_bachelor/project/play-java-seed/app/model/entities/Team.java. Using fallback presentation compiler.[0m
2026.07.06 08:16:40 WARN  Running javac-semanticdb failed for file:///mnt/c/Users/Vivobook%20Pro/Documents/HEIG-VD/TB/travail_de_bachelor/project/play-java-seed/app/model/entities/Team.java. Output:
[0m
2026.07.06 08:16:40 INFO  no build target found for /mnt/c/Users/Vivobook Pro/Documents/HEIG-VD/TB/travail_de_bachelor/project/play-java-seed/app/model/entities/Team.java. Using fallback presentation compiler.[0m
2026.07.06 08:16:40 INFO  no build target found for /mnt/c/Users/Vivobook Pro/Documents/HEIG-VD/TB/travail_de_bachelor/project/play-java-seed/app/model/entities/Team.java. Using fallback presentation compiler.[0m
2026.07.06 08:16:41 WARN  no build target for: /mnt/c/Users/Vivobook Pro/Documents/HEIG-VD/TB/travail_de_bachelor/project/play-java-seed/app/model/entities/Team.java[0m
2026.07.06 08:16:41 INFO  no build target found for /mnt/c/Users/Vivobook Pro/Documents/HEIG-VD/TB/travail_de_bachelor/project/play-java-seed/app/model/entities/Team.java. Using fallback presentation compiler.[0m
2026.07.06 08:16:42 INFO  no build target found for /mnt/c/Users/Vivobook Pro/Documents/HEIG-VD/TB/travail_de_bachelor/project/play-java-seed/app/model/entities/Team.java. Using fallback presentation compiler.[0m
2026.07.06 08:16:42 INFO  no build target found for /mnt/c/Users/Vivobook Pro/Documents/HEIG-VD/TB/travail_de_bachelor/project/play-java-seed/app/model/entities/Team.java. Using fallback presentation compiler.[0m
2026.07.06 08:16:42 WARN  Running javac-semanticdb failed for file:///mnt/c/Users/Vivobook%20Pro/Documents/HEIG-VD/TB/travail_de_bachelor/project/play-java-seed/app/model/entities/Team.java. Output:
[0m
2026.07.06 08:16:41 INFO  no build target found for /mnt/c/Users/Vivobook Pro/Documents/HEIG-VD/TB/travail_de_bachelor/project/play-java-seed/app/model/entities/Team.java. Using fallback presentation compiler.[0m
2026.07.06 08:16:42 INFO  no build target found for /mnt/c/Users/Vivobook Pro/Documents/HEIG-VD/TB/travail_de_bachelor/project/play-java-seed/app/model/entities/Team.java. Using fallback presentation compiler.[0m
2026.07.06 08:16:42 WARN  no build target for: /mnt/c/Users/Vivobook Pro/Documents/HEIG-VD/TB/travail_de_bachelor/project/play-java-seed/app/model/entities/Team.java[0m
2026.07.06 08:16:42 INFO  no build target found for /mnt/c/Users/Vivobook Pro/Documents/HEIG-VD/TB/travail_de_bachelor/project/play-java-seed/app/model/entities/Team.java. Using fallback presentation compiler.[0m
2026.07.06 08:16:43 INFO  no build target found for /mnt/c/Users/Vivobook Pro/Documents/HEIG-VD/TB/travail_de_bachelor/project/play-java-seed/app/model/entities/Team.java. Using fallback presentation compiler.[0m
2026.07.06 08:16:45 INFO  no build target found for /mnt/c/Users/Vivobook Pro/Documents/HEIG-VD/TB/travail_de_bachelor/project/play-java-seed/app/model/entities/Team.java. Using fallback presentation compiler.[0m
2026.07.06 08:16:45 INFO  no build target found for /mnt/c/Users/Vivobook Pro/Documents/HEIG-VD/TB/travail_de_bachelor/project/play-java-seed/app/model/entities/Team.java. Using fallback presentation compiler.[0m
2026.07.06 08:16:45 INFO  no build target found for /mnt/c/Users/Vivobook Pro/Documents/HEIG-VD/TB/travail_de_bachelor/project/play-java-seed/app/model/entities/Team.java. Using fallback presentation compiler.[0m
2026.07.06 08:16:45 WARN  Running javac-semanticdb failed for file:///mnt/c/Users/Vivobook%20Pro/Documents/HEIG-VD/TB/travail_de_bachelor/project/play-java-seed/app/model/entities/Team.java. Output:
[0m
2026.07.06 08:16:45 INFO  no build target found for /mnt/c/Users/Vivobook Pro/Documents/HEIG-VD/TB/travail_de_bachelor/project/play-java-seed/app/model/entities/Team.java. Using fallback presentation compiler.[0m
2026.07.06 08:16:46 INFO  no build target found for /mnt/c/Users/Vivobook Pro/Documents/HEIG-VD/TB/travail_de_bachelor/project/play-java-seed/app/model/entities/Team.java. Using fallback presentation compiler.[0m
2026.07.06 08:16:46 INFO  no build target found for /mnt/c/Users/Vivobook Pro/Documents/HEIG-VD/TB/travail_de_bachelor/project/play-java-seed/app/model/entities/Team.java. Using fallback presentation compiler.[0m
2026.07.06 08:16:46 INFO  no build target found for /mnt/c/Users/Vivobook Pro/Documents/HEIG-VD/TB/travail_de_bachelor/project/play-java-seed/app/model/entities/Team.java. Using fallback presentation compiler.[0m
2026.07.06 08:16:46 INFO  no build target found for /mnt/c/Users/Vivobook Pro/Documents/HEIG-VD/TB/travail_de_bachelor/project/play-java-seed/app/model/entities/Team.java. Using fallback presentation compiler.[0m
2026.07.06 08:16:46 INFO  no build target found for /mnt/c/Users/Vivobook Pro/Documents/HEIG-VD/TB/travail_de_bachelor/project/play-java-seed/app/model/entities/Team.java. Using fallback presentation compiler.[0m
2026.07.06 08:16:46 INFO  no build target found for /mnt/c/Users/Vivobook Pro/Documents/HEIG-VD/TB/travail_de_bachelor/project/play-java-seed/app/model/entities/Team.java. Using fallback presentation compiler.[0m
2026.07.06 08:16:47 WARN  Running javac-semanticdb failed for file:///mnt/c/Users/Vivobook%20Pro/Documents/HEIG-VD/TB/travail_de_bachelor/project/play-java-seed/app/model/entities/Team.java. Output:
[0m
2026.07.06 08:16:47 INFO  no build target found for /mnt/c/Users/Vivobook Pro/Documents/HEIG-VD/TB/travail_de_bachelor/project/play-java-seed/app/model/entities/Team.java. Using fallback presentation compiler.[0m
2026.07.06 08:16:47 INFO  no build target found for /mnt/c/Users/Vivobook Pro/Documents/HEIG-VD/TB/travail_de_bachelor/project/play-java-seed/app/model/entities/Team.java. Using fallback presentation compiler.[0m
2026.07.06 08:16:47 WARN  no build target for: /mnt/c/Users/Vivobook Pro/Documents/HEIG-VD/TB/travail_de_bachelor/project/play-java-seed/app/model/entities/Team.java[0m
2026.07.06 08:16:47 INFO  no build target found for /mnt/c/Users/Vivobook Pro/Documents/HEIG-VD/TB/travail_de_bachelor/project/play-java-seed/app/model/entities/Team.java. Using fallback presentation compiler.[0m
2026.07.06 08:16:47 INFO  no build target found for /mnt/c/Users/Vivobook Pro/Documents/HEIG-VD/TB/travail_de_bachelor/project/play-java-seed/app/model/entities/PoolEntry.java. Using fallback presentation compiler.[0m
Jul 06, 2026 8:16:4  AM org.eclipse.lsp4j.jsonrpc.RemoteEndpoint handleCancellation
WARNING: Unmatched cancel notification for request id 782
WARN  no build target for: /mnt/c/Users/Vivobook Pro/Documents/HEIG-VD/TB/travail_de_bachelor/project/play-java-seed/app/model/entities/PoolEntry.java[0m
2026.07.06 08:16:48 INFO  no build target found for /mnt/c/Users/Vivobook Pro/Documents/HEIG-VD/TB/travail_de_bachelor/project/play-java-seed/app/model/entities/PoolEntry.java. Using fallback presentation compiler.[0m
Jul 06, 2026 8:16:48 AM org.eclipse.lsp4j.jsonrpc.RemoteEndpoint handleCancellation
WARNING: Unmatched cancel notification for request id 784
2026.07.06 08:16:48 INFO  no build target found for /mnt/c/Users/Vivobook Pro/Documents/HEIG-VD/TB/travail_de_bachelor/project/play-java-seed/app/model/entities/PoolEntry.java. Using fallback presentation compiler.[0m
2026.07.06 08:16:48 INFO  no build target found for /mnt/c/Users/Vivobook Pro/Documents/HEIG-VD/TB/travail_de_bachelor/project/play-java-seed/app/model/entities/PoolEntry.java. Using fallback presentation compiler.[0m
2026.07.06 08:16:48 INFO  no build target found for /mnt/c/Users/Vivobook Pro/Documents/HEIG-VD/TB/travail_de_bachelor/project/play-java-seed/app/model/entities/PoolEntry.java. Using fallback presentation compiler.[0m
2026.07.06 08:16:50 INFO  no build target found for /mnt/c/Users/Vivobook Pro/Documents/HEIG-VD/TB/travail_de_bachelor/project/play-java-seed/app/model/entities/Team.java. Using fallback presentation compiler.[0m
Jul 06, 2026 8:16:50 AM org.eclipse.lsp4j.jsonrpc.RemoteEndpoint handleCancellation
WARNING: Unmatched cancel notification for request id 791
 WARN  no build target for: /mnt/c/Users/Vivobook Pro/Documents/HEIG-VD/TB/travail_de_bachelor/project/play-java-seed/app/model/entities/Team.java[0m
2026.07.06 08:16:50 INFO  no build target found for /mnt/c/Users/Vivobook Pro/Documents/HEIG-VD/TB/travail_de_bachelor/project/play-java-seed/app/model/entities/Team.java. Using fallback presentation compiler.[0m
2026.07.06 08:16:500 AM org.eclipse.lsp4j.jsonrpc.RemoteEndpoint handleCancellation
WARNING: Unmatched cancel notification for request id 793
 INFO  no build target found for /mnt/c/Users/Vivobook Pro/Documents/HEIG-VD/TB/travail_de_bachelor/project/play-java-seed/app/model/entities/Team.java. Using fallback presentation compiler.[0m
2026.07.06 08:16:50 INFO  no build target found for /mnt/c/Users/Vivobook Pro/Documents/HEIG-VD/TB/travail_de_bachelor/project/play-java-seed/app/model/entities/Team.java. Using fallback presentation compiler.[0m
2026.07.06 08:16:50 INFO  no build target found for /mnt/c/Users/Vivobook Pro/Documents/HEIG-VD/TB/travail_de_bachelor/project/play-java-seed/app/model/entities/Team.java. Using fallback presentation compiler.[0m
2026.07.06 08:16:51 INFO  no build target found for /mnt/c/Users/Vivobook Pro/Documents/HEIG-VD/TB/travail_de_bachelor/project/play-java-seed/app/model/entities/Team.java. Using fallback presentation compiler.[0m
2026.07.06 08:17:05 INFO  no build target found for /mnt/c/Users/Vivobook Pro/Documents/HEIG-VD/TB/travail_de_bachelor/project/play-java-seed/app/model/entities/Game.java. Using fallback presentation compiler.[0m
2026.07.06 08:17:05 WARN  no build target for: /mnt/c/Users/Vivobook Pro/Documents/HEIG-VD/TB/travail_de_bachelor/project/play-java-seed/app/model/entities/Game.javaJul 
6, 2026 8:17:05 AM org.eclipse.lsp4j.jsonrpc.RemoteEndpoint handleCancellation
WARNING: Unmatched cancel notification for request id 801
2026.07.06 08:17:05 INFO  no build target found for /mnt/c/Users/Vivobook Pro/Documents/HEIG-VD/TB/travail_de_bachelor/project/play-java-seed/app/model/entities/Game.java. Using fallback presentation compiler.[0m
Jul 06, 2026 8:17:05 AM org.eclipse.lsp4j.jsonrpc.RemoteEndpoint handleCancellation
WARNING: Unmatched cancel notification for request id 803
2026.07.06 08:17:05 INFO  no build target found for /mnt/c/Users/Vivobook Pro/Documents/HEIG-VD/TB/travail_de_bachelor/project/play-java-seed/app/model/entities/Game.java. Using fallback presentation compiler.[0m
2026.07.06 08:17:05 INFO  no build target found for /mnt/c/Users/Vivobook Pro/Documents/HEIG-VD/TB/travail_de_bachelor/project/play-java-seed/app/model/entities/Game.java. Using fallback presentation compiler.[0m
2026.07.06 08:17:05 INFO  no build target found for /mnt/c/Users/Vivobook Pro/Documents/HEIG-VD/TB/travail_de_bachelor/project/play-java-seed/app/model/entities/Game.java. Using fallback presentation compiler.[0m
2026.07.06 08:17:05 INFO  no build target found for /mnt/c/Users/Vivobook Pro/Documents/HEIG-VD/TB/travail_de_bachelor/project/play-java-seed/app/model/entities/Game.java. Using fallback presentation compiler.[0m
2026.07.06 08:17:09 INFO  no build target found for /mnt/c/Users/Vivobook Pro/Documents/HEIG-VD/TB/travail_de_bachelor/project/play-java-seed/app/model/entities/Team.java. Using fallback presentation compiler.[0m
Jul 06, 2026 8:17:0  AM org.eclipse.lsp4j.jsonrpc.RemoteEndpoint handleCancellation
WARNING: Unmatched cancel notification for request id 811
WARN  no build target for: /mnt/c/Users/Vivobook Pro/Documents/HEIG-VD/TB/travail_de_bachelor/project/play-java-seed/app/model/entities/Team.java[0m
2026.07.06 08:17:09 INFO  no build target found for /mnt/c/Users/Vivobook Pro/Documents/HEIG-VD/TB/travail_de_bachelor/project/play-java-seed/app/model/entities/Team.java. Using fallback presentation compiler.[0m
Jul 06, 2026 8:17:09 AM org.eclipse.lsp4j.jsonrpc.RemoteEndpoint handleCancellation
WARNING: Unmatched cancel notification for request id 813
2026.07.06 08:17:09 INFO  no build target found for /mnt/c/Users/Vivobook Pro/Documents/HEIG-VD/TB/travail_de_bachelor/project/play-java-seed/app/model/entities/Team.java. Using fallback presentation compiler.[0m
2026.07.06 08:17:09 INFO  no build target found for /mnt/c/Users/Vivobook Pro/Documents/HEIG-VD/TB/travail_de_bachelor/project/play-java-seed/app/model/entities/Team.java. Using fallback presentation compiler.[0m
2026.07.06 08:17:09 INFO  no build target found for /mnt/c/Users/Vivobook Pro/Documents/HEIG-VD/TB/travail_de_bachelor/project/play-java-seed/app/model/entities/Team.java. Using fallback presentation compiler.[0m
2026.07.06 08:17:10 INFO  no build target found for /mnt/c/Users/Vivobook Pro/Documents/HEIG-VD/TB/travail_de_bachelor/project/play-java-seed/app/model/entities/Team.java. Using fallback presentation compiler.[0m
2026.07.06 08:17:13 INFO  no build target found for /mnt/c/Users/Vivobook Pro/Documents/HEIG-VD/TB/travail_de_bachelor/project/play-java-seed/app/model/entities/Team.java. Using fallback presentation compiler.[0m
2026.07.06 08:18:29 INFO  no build target found for /mnt/c/Users/Vivobook Pro/Documents/HEIG-VD/TB/travail_de_bachelor/project/play-java-seed/app/model/entities/Team.java. Using fallback presentation compiler.[0m
2026.07.06 08:18:29 INFO  no build target found for /mnt/c/Users/Vivobook Pro/Documents/HEIG-VD/TB/travail_de_bachelor/project/play-java-seed/app/model/entities/Round.java. Using fallback presentation compiler.[0m
2026.07.06 08:18:30 WARN  no build target for: /mnt/c/Users/Vivobook Pro/Documents/HEIG-VD/TB/travail_de_bachelor/project/play-java-seed/app/model/entities/Round.java[0m
2026.07.06 08:18:29 INFO  no build target found for /mnt/c/Users/Vivobook Pro/Documents/HEIG-VD/TB/travail_de_bachelor/project/play-java-seed/app/model/entities/Round.java. Using fallback presentation compiler.[0m
Jul 06, 2026 8:18:3  AM org.eclipse.lsp4j.jsonrpc.RemoteEndpoint handleCancellation
WARNING: Unmatched cancel notification for request id 838
INFO  no build target found for /mnt/c/Users/Vivobook Pro/Documents/HEIG-VD/TB/travail_de_bachelor/project/play-java-seed/app/model/entities/Round.java. Using fallback presentation compiler.[0m
2026.07.06 08:18:29 INFO  no build target found for /mnt/c/Users/Vivobook Pro/Documents/HEIG-VD/TB/travail_de_bachelor/project/play-java-seed/app/model/entities/Round.java. Using fallback presentation compiler.[0m
2026.07.06 08:18:30 INFO  no build target found for /mnt/c/Users/Vivobook Pro/Documents/HEIG-VD/TB/travail_de_bachelor/project/play-java-seed/app/model/entities/Round.java. Using fallback presentation compiler.[0m
2026.07.06 08:18:42 INFO  no build target found for /mnt/c/Users/Vivobook Pro/Documents/HEIG-VD/TB/travail_de_bachelor/project/play-java-seed/app/model/entities/Round.java. Using fallback presentation compiler.[0m
2026.07.06 08:18:42 INFO  no build target found for /mnt/c/Users/Vivobook Pro/Documents/HEIG-VD/TB/travail_de_bachelor/project/play-java-seed/app/model/entities/Round.java. Using fallback presentation compiler.[0m
2026.07.06 08:18:43 INFO  no build target found for /mnt/c/Users/Vivobook Pro/Documents/HEIG-VD/TB/travail_de_bachelor/project/play-java-seed/app/model/entities/Round.java. Using fallback presentation compiler.[0m
2026.07.06 08:18:43 INFO  no build target found for /mnt/c/Users/Vivobook Pro/Documents/HEIG-VD/TB/travail_de_bachelor/project/play-java-seed/app/model/entities/Round.java. Using fallback presentation compiler.[0m
2026.07.06 08:18:44 INFO  no build target found for /mnt/c/Users/Vivobook Pro/Documents/HEIG-VD/TB/travail_de_bachelor/project/play-java-seed/app/model/entities/Round.java. Using fallback presentation compiler.[0m
2026.07.06 08:18:44 WARN  Running javac-semanticdb failed for file:///mnt/c/Users/Vivobook%20Pro/Documents/HEIG-VD/TB/travail_de_bachelor/project/play-java-seed/app/model/entities/Round.java. Output:
[0m
2026.07.06 08:18:43 INFO  no build target found for /mnt/c/Users/Vivobook Pro/Documents/HEIG-VD/TB/travail_de_bachelor/project/play-java-seed/app/model/entities/Round.java. Using fallback presentation compiler.[0m
2026.07.06 08:18:44 WARN  no build target for: /mnt/c/Users/Vivobook Pro/Documents/HEIG-VD/TB/travail_de_bachelor/project/play-java-seed/app/model/entities/Round.java[0m
2026.07.06 08:18:44 INFO  no build target found for /mnt/c/Users/Vivobook Pro/Documents/HEIG-VD/TB/travail_de_bachelor/project/play-java-seed/app/model/entities/Round.java. Using fallback presentation compiler.[0m
2026.07.06 08:18:44 INFO  no build target found for /mnt/c/Users/Vivobook Pro/Documents/HEIG-VD/TB/travail_de_bachelor/project/play-java-seed/app/model/entities/Round.java. Using fallback presentation compiler.[0m
2026.07.06 08:18:44 INFO  no build target found for /mnt/c/Users/Vivobook Pro/Documents/HEIG-VD/TB/travail_de_bachelor/project/play-java-seed/app/model/entities/Round.java. Using fallback presentation compiler.[0m
2026.07.06 08:18:45 WARN  Running javac-semanticdb failed for file:///mnt/c/Users/Vivobook%20Pro/Documents/HEIG-VD/TB/travail_de_bachelor/project/play-java-seed/app/model/entities/Round.java. Output:
[0m
2026.07.06 08:18:45 INFO  no build target found for /mnt/c/Users/Vivobook Pro/Documents/HEIG-VD/TB/travail_de_bachelor/project/play-java-seed/app/model/entities/Round.java. Using fallback presentation compiler.[0m
2026.07.06 08:18:44 INFO  no build target found for /mnt/c/Users/Vivobook Pro/Documents/HEIG-VD/TB/travail_de_bachelor/project/play-java-seed/app/model/entities/Round.java. Using fallback presentation compiler.[0m
2026.07.06 08:18:45 WARN  no build target for: /mnt/c/Users/Vivobook Pro/Documents/HEIG-VD/TB/travail_de_bachelor/project/play-java-seed/app/model/entities/Round.java[0m
2026.07.06 08:18:45 INFO  no build target found for /mnt/c/Users/Vivobook Pro/Documents/HEIG-VD/TB/travail_de_bachelor/project/play-java-seed/app/model/entities/Round.java. Using fallback presentation compiler.[0m
2026.07.06 08:18:466 AM org.eclipse.lsp4j.jsonrpc.RemoteEndpoint handleCancellation
WARNING: Unmatched cancel notification for request id 866
 INFO  no build target found for /mnt/c/Users/Vivobook Pro/Documents/HEIG-VD/TB/travail_de_bachelor/project/play-java-seed/app/model/entities/Round.java. Using fallback presentation compiler.[0m
2026.07.06 08:18:45 INFO  no build target found for /mnt/c/Users/Vivobook Pro/Documents/HEIG-VD/TB/travail_de_bachelor/project/play-java-seed/app/model/entities/Round.java. Using fallback presentation compiler.[0m
2026.07.06 08:18:45 INFO  no build target found for /mnt/c/Users/Vivobook Pro/Documents/HEIG-VD/TB/travail_de_bachelor/project/play-java-seed/app/model/entities/Round.java. Using fallback presentation compiler.[0m
2026.07.06 08:18:46 INFO  no build target found for /mnt/c/Users/Vivobook Pro/Documents/HEIG-VD/TB/travail_de_bachelor/project/play-java-seed/app/model/entities/Round.java. Using fallback presentation compiler.[0m
2026.07.06 08:18:46 WARN  Running javac-semanticdb failed for file:///mnt/c/Users/Vivobook%20Pro/Documents/HEIG-VD/TB/travail_de_bachelor/project/play-java-seed/app/model/entities/Round.java. Output:
[0m
2026.07.06 08:18:47 INFO  no build target found for /mnt/c/Users/Vivobook Pro/Documents/HEIG-VD/TB/travail_de_bachelor/project/play-java-seed/app/model/entities/Round.java. Using fallback presentation compiler.[0m
2026.07.06 08:18:46 INFO  no build target found for /mnt/c/Users/Vivobook Pro/Documents/HEIG-VD/TB/travail_de_bachelor/project/play-java-seed/app/model/entities/Round.java. Using fallback presentation compiler.[0m
2026.07.06 08:18:47 INFO  no build target found for /mnt/c/Users/Vivobook Pro/Documents/HEIG-VD/TB/travail_de_bachelor/project/play-java-seed/app/model/entities/Round.java. Using fallback presentation compiler.[0m
2026.07.06 08:18:46 INFO  no build target found for /mnt/c/Users/Vivobook Pro/Documents/HEIG-VD/TB/travail_de_bachelor/project/play-java-seed/app/model/entities/Round.java. Using fallback presentation compiler.[0m
2026.07.06 08:18:46 INFO  no build target found for /mnt/c/Users/Vivobook Pro/Documents/HEIG-VD/TB/travail_de_bachelor/project/play-java-seed/app/model/entities/Round.java. Using fallback presentation compiler.[0m
2026.07.06 08:18:47 INFO  no build target found for /mnt/c/Users/Vivobook Pro/Documents/HEIG-VD/TB/travail_de_bachelor/project/play-java-seed/app/model/entities/Round.java. Using fallback presentation compiler.[0m
2026.07.06 08:18:48 INFO  no build target found for /mnt/c/Users/Vivobook Pro/Documents/HEIG-VD/TB/travail_de_bachelor/project/play-java-seed/app/model/entities/Round.java. Using fallback presentation compiler.[0m
2026.07.06 08:18:48 INFO  no build target found for /mnt/c/Users/Vivobook Pro/Documents/HEIG-VD/TB/travail_de_bachelor/project/play-java-seed/app/model/entities/Round.java. Using fallback presentation compiler.[0m
2026.07.06 08:18:47 INFO  no build target found for /mnt/c/Users/Vivobook Pro/Documents/HEIG-VD/TB/travail_de_bachelor/project/play-java-seed/app/model/entities/Round.java. Using fallback presentation compiler.[0m
2026.07.06 08:18:48 INFO  no build target found for /mnt/c/Users/Vivobook Pro/Documents/HEIG-VD/TB/travail_de_bachelor/project/play-java-seed/app/model/entities/Round.java. Using fallback presentation compiler.[0m
2026.07.06 08:18:48 WARN  Running javac-semanticdb failed for file:///mnt/c/Users/Vivobook%20Pro/Documents/HEIG-VD/TB/travail_de_bachelor/project/play-java-seed/app/model/entities/Round.java. Output:
[0m
2026.07.06 08:18:48 INFO  no build target found for /mnt/c/Users/Vivobook Pro/Documents/HEIG-VD/TB/travail_de_bachelor/project/play-java-seed/app/model/entities/Round.java. Using fallback presentation compiler.[0m
2026.07.06 08:18:48 INFO  no build target found for /mnt/c/Users/Vivobook Pro/Documents/HEIG-VD/TB/travail_de_bachelor/project/play-java-seed/app/model/entities/Round.java. Using fallback presentation compiler.[0m
2026.07.06 08:18:47 WARN  Running javac-semanticdb failed for file:///mnt/c/Users/Vivobook%20Pro/Documents/HEIG-VD/TB/travail_de_bachelor/project/play-java-seed/app/model/entities/Round.java. Output:
[0m
2026.07.06 08:18:48 INFO  no build target found for /mnt/c/Users/Vivobook Pro/Documents/HEIG-VD/TB/travail_de_bachelor/project/play-java-seed/app/model/entities/Round.java. Using fallback presentation compiler.[0m
2026.07.06 08:18:49 INFO  no build target found for /mnt/c/Users/Vivobook Pro/Documents/HEIG-VD/TB/travail_de_bachelor/project/play-java-seed/app/model/entities/Round.java. Using fallback presentation compiler.[0m
2026.07.06 08:18:49 WARN  no build target for: /mnt/c/Users/Vivobook Pro/Documents/HEIG-VD/TB/travail_de_bachelor/project/play-java-seed/app/model/entities/Round.java[0m
2026.07.06 08:18:49 INFO  no build target found for /mnt/c/Users/Vivobook Pro/Documents/HEIG-VD/TB/travail_de_bachelor/project/play-java-seed/app/model/entities/Round.java. Using fallback presentation compiler.[0m
2026.07.06 08:18:50 INFO  no build target found for /mnt/c/Users/Vivobook Pro/Documents/HEIG-VD/TB/travail_de_bachelor/project/play-java-seed/app/model/entities/Round.java. Using fallback presentation compiler.[0m
2026.07.06 08:18:53 INFO  no build target found for /mnt/c/Users/Vivobook Pro/Documents/HEIG-VD/TB/travail_de_bachelor/project/play-java-seed/app/model/entities/Team.java. Using fallback presentation compiler.[0m
2026.07.06 08:18:53 WARN Jno build target for: /mnt/c/Users/Vivobook Pro/Documents/HEIG-VD/TB/travail_de_bachelor/project/play-java-seed/app/model/entities/Team.java8
[0m
2026.07.06 08:18:53 INFO  no build target found for /mnt/c/Users/Vivobook Pro/Documents/HEIG-VD/TB/travail_de_bachelor/project/play-java-seed/app/model/entities/Team.java. Using fallback presentation compiler.[0m
2026.07.06 08:18:534 AM org.eclipse.lsp4j.jsonrpc.RemoteEndpoint handleCancellation
WARNING: Unmatched cancel notification for request id 900
 INFO  no build target found for /mnt/c/Users/Vivobook Pro/Documents/HEIG-VD/TB/travail_de_bachelor/project/play-java-seed/app/model/entities/Team.java. Using fallback presentation compiler.[0m
2026.07.06 08:18:53 INFO  no build target found for /mnt/c/Users/Vivobook Pro/Documents/HEIG-VD/TB/travail_de_bachelor/project/play-java-seed/app/model/entities/Team.java. Using fallback presentation compiler.[0m
2026.07.06 08:18:53 INFO  no build target found for /mnt/c/Users/Vivobook Pro/Documents/HEIG-VD/TB/travail_de_bachelor/project/play-java-seed/app/model/entities/Team.java. Using fallback presentation compiler.[0m
2026.07.06 08:19:11 INFO  no build target found for /mnt/c/Users/Vivobook Pro/Documents/HEIG-VD/TB/travail_de_bachelor/project/play-java-seed/app/model/entities/PoolEntry.java. Using fallback presentation compiler.[0m
2026.07.06 08:19:11 WARN  no build target for: /mnt/c/Users/Vivobook Pro/Documents/HEIG-VD/TB/travail_de_bachelor/project/play-java-seed/app/model/entities/PoolEntry.java[0m
Jul 06, 2026 8:19:11 AM org.eclipse.lsp4j.jsonrpc.RemoteEndpoint handleCancellation
WARNING: Unmatched cancel notification for request id 907
2026.07.06 08:19:11 INFO  no build target found for /mnt/c/Users/Vivobook Pro/Documents/HEIG-VD/TB/travail_de_bachelor/project/play-java-seed/app/model/entities/PoolEntry.java. Using fallback presentation compiler.[0m
Jul 06, 2026 8:19:11 AM org.eclipse.lsp4j.jsonrpc.RemoteEndpoint handleCancellation
WARNING: Unmatched cancel notification for request id 909
2026.07.06 08:19:11 INFO  no build target found for /mnt/c/Users/Vivobook Pro/Documents/HEIG-VD/TB/travail_de_bachelor/project/play-java-seed/app/model/entities/PoolEntry.java. Using fallback presentation compiler.[0m
2026.07.06 08:19:11 INFO  no build target found for /mnt/c/Users/Vivobook Pro/Documents/HEIG-VD/TB/travail_de_bachelor/project/play-java-seed/app/model/entities/PoolEntry.java. Using fallback presentation compiler.[0m
2026.07.06 08:19:11 INFO  no build target found for /mnt/c/Users/Vivobook Pro/Documents/HEIG-VD/TB/travail_de_bachelor/project/play-java-seed/app/model/entities/PoolEntry.java. Using fallback presentation compiler.[0m
2026.07.06 08:19:14 INFO  no build target found for /mnt/c/Users/Vivobook Pro/Documents/HEIG-VD/TB/travail_de_bachelor/project/play-java-seed/app/model/entities/Round.java. Using fallback presentation compiler.[0m
2026.07.06 08:19:14 WARN  no build target for: /mnt/c/Users/Vivobook Pro/Documents/HEIG-VD/TB/travail_de_bachelor/project/play-java-seed/app/model/entities/Round.java[0m
Jul 06, 2026 8:19:14 AM org.eclipse.lsp4j.jsonrpc.RemoteEndpoint handleCancellation
WARNING: Unmatched cancel notification for request id 916
2026.07.06 08:19:14 INFO  no build target found for /mnt/c/Users/Vivobook Pro/Documents/HEIG-VD/TB/travail_de_bachelor/project/play-java-seed/app/model/entities/Round.java. Using fallback presentation compiler.[0m
2026.07.06 08:19:144 AM org.eclipse.lsp4j.jsonrpc.RemoteEndpoint handleCancellation
WARNING: Unmatched cancel notification for request id 918
 INFO  no build target found for /mnt/c/Users/Vivobook Pro/Documents/HEIG-VD/TB/travail_de_bachelor/project/play-java-seed/app/model/entities/Round.java. Using fallback presentation compiler.[0m
2026.07.06 08:19:14 INFO  no build target found for /mnt/c/Users/Vivobook Pro/Documents/HEIG-VD/TB/travail_de_bachelor/project/play-java-seed/app/model/entities/Round.java. Using fallback presentation compiler.[0m
2026.07.06 08:19:14 INFO  no build target found for /mnt/c/Users/Vivobook Pro/Documents/HEIG-VD/TB/travail_de_bachelor/project/play-java-seed/app/model/entities/Round.java. Using fallback presentation compiler.[0m
2026.07.06 08:19:25 INFO  no build target found for /mnt/c/Users/Vivobook Pro/Documents/HEIG-VD/TB/travail_de_bachelor/project/play-java-seed/app/model/entities/Round.java. Using fallback presentation compiler.[0m
2026.07.06 08:19:29 INFO  no build target found for /mnt/c/Users/Vivobook Pro/Documents/HEIG-VD/TB/travail_de_bachelor/project/play-java-seed/app/model/entities/unit/Unit.java. Using fallback presentation compiler.[0m
2026.07.06 08:19:29 WARN  no build target for: /mnt/c/Users/Vivobook Pro/Documents/HEIG-VD/TB/travail_de_bachelor/project/play-java-seed/app/model/entities/unit/Unit.java[0m
Jul 06, 2026 8:19:29 AM org.eclipse.lsp4j.jsonrpc.RemoteEndpoint handleCancellation
WARNING: Unmatched cancel notification for request id 928
2026.07.06 08:19:29 INFO  no build target found for /mnt/c/Users/Vivobook Pro/Documents/HEIG-VD/TB/travail_de_bachelor/project/play-java-seed/app/model/entities/unit/Unit.java. Using fallback presentation compiler.[0m
Jul 06, 2026 8:19:30 AM org.eclipse.lsp4j.jsonrpc.RemoteEndpoint handleCancellation
WARNING: Unmatched cancel notification for request id 931
2026.07.06 08:19:30 INFO  no build target found for /mnt/c/Users/Vivobook Pro/Documents/HEIG-VD/TB/travail_de_bachelor/project/play-java-seed/app/model/entities/unit/Unit.java. Using fallback presentation compiler.[0m
2026.07.06 08:19:29 INFO  no build target found for /mnt/c/Users/Vivobook Pro/Documents/HEIG-VD/TB/travail_de_bachelor/project/play-java-seed/app/model/entities/unit/Unit.java. Using fallback presentation compiler.[0m
2026.07.06 08:19:29 INFO  no build target found for /mnt/c/Users/Vivobook Pro/Documents/HEIG-VD/TB/travail_de_bachelor/project/play-java-seed/app/model/entities/unit/Unit.java. Using fallback presentation compiler.[0m
2026.07.06 08:19:30 INFO  no build target found for /mnt/c/Users/Vivobook Pro/Documents/HEIG-VD/TB/travail_de_bachelor/project/play-java-seed/app/model/entities/unit/Unit.java. Using fallback presentation compiler.[0m
2026.07.06 08:19:46 INFO  no build target found for /mnt/c/Users/Vivobook Pro/Documents/HEIG-VD/TB/travail_de_bachelor/project/play-java-seed/app/model/entities/unit/Unit.java. Using fallback presentation compiler.[0m
2026.07.06 08:21:43 INFO  no build target found for /mnt/c/Users/Vivobook Pro/Documents/HEIG-VD/TB/travail_de_bachelor/project/play-java-seed/app/model/entities/unit/Unit.java. Using fallback presentation compiler.[0m
2026.07.06 08:21:43 INFO  no build target found for /mnt/c/Users/Vivobook Pro/Documents/HEIG-VD/TB/travail_de_bachelor/project/play-java-seed/app/model/entities/unit/Unit.java. Using fallback presentation compiler.[0m
2026.07.06 08:21:44 INFO  no build target found for /mnt/c/Users/Vivobook Pro/Documents/HEIG-VD/TB/travail_de_bachelor/project/play-java-seed/app/model/entities/unit/Unit.java. Using fallback presentation compiler.[0m
2026.07.06 08:21:45 INFO  no build target found for /mnt/c/Users/Vivobook Pro/Documents/HEIG-VD/TB/travail_de_bachelor/project/play-java-seed/app/model/entities/unit/Unit.java. Using fallback presentation compiler.[0m
2026.07.06 08:21:45 WARN  Running javac-semanticdb failed for file:///mnt/c/Users/Vivobook%20Pro/Documents/HEIG-VD/TB/travail_de_bachelor/project/play-java-seed/app/model/entities/unit/Unit.java. Output:
[0m
2026.07.06 08:21:44 INFO  no build target found for /mnt/c/Users/Vivobook Pro/Documents/HEIG-VD/TB/travail_de_bachelor/project/play-java-seed/app/model/entities/unit/Unit.java. Using fallback presentation compiler.[0m
2026.07.06 08:21:44 INFO  no build target found for /mnt/c/Users/Vivobook Pro/Documents/HEIG-VD/TB/travail_de_bachelor/project/play-java-seed/app/model/entities/unit/Unit.java. Using fallback presentation compiler.[0m
2026.07.06 08:21:45 WARN  Running javac-semanticdb failed for file:///mnt/c/Users/Vivobook%20Pro/Documents/HEIG-VD/TB/travail_de_bachelor/project/play-java-seed/app/model/entities/unit/Unit.java. Output:
[0m
2026.07.06 08:21:45 INFO  no build target found for /mnt/c/Users/Vivobook Pro/Documents/HEIG-VD/TB/travail_de_bachelor/project/play-java-seed/app/model/entities/unit/Unit.java. Using fallback presentation compiler.[0m
2026.07.06 08:21:44 INFO  no build target found for /mnt/c/Users/Vivobook Pro/Documents/HEIG-VD/TB/travail_de_bachelor/project/play-java-seed/app/model/entities/unit/Unit.java. Using fallback presentation compiler.[0m
2026.07.06 08:21:46 WARN  no build target for: /mnt/c/Users/Vivobook Pro/Documents/HEIG-VD/TB/travail_de_bachelor/project/play-java-seed/app/model/entities/unit/Unit.java[0m
2026.07.06 08:21:46 INFO  no build target found for /mnt/c/Users/Vivobook Pro/Documents/HEIG-VD/TB/travail_de_bachelor/project/play-java-seed/app/model/entities/unit/Unit.java. Using fallback presentation compiler.[0m
2026.07.06 08:21:46 INFO  no build target found for /mnt/c/Users/Vivobook Pro/Documents/HEIG-VD/TB/travail_de_bachelor/project/play-java-seed/app/model/entities/unit/Unit.java. Using fallback presentation compiler.[0m
2026.07.06 08:21:46 INFO  no build target found for /mnt/c/Users/Vivobook Pro/Documents/HEIG-VD/TB/travail_de_bachelor/project/play-java-seed/app/model/entities/unit/Unit.java. Using fallback presentation compiler.[0m
2026.07.06 08:21:48 INFO  no build target found for /mnt/c/Users/Vivobook Pro/Documents/HEIG-VD/TB/travail_de_bachelor/project/play-java-seed/app/model/entities/unit/Unit.java. Using fallback presentation compiler.[0m
2026.07.06 08:21:48 INFO  no build target found for /mnt/c/Users/Vivobook Pro/Documents/HEIG-VD/TB/travail_de_bachelor/project/play-java-seed/app/model/entities/unit/Unit.java. Using fallback presentation compiler.[0m
2026.07.06 08:21:48 INFO  no build target found for /mnt/c/Users/Vivobook Pro/Documents/HEIG-VD/TB/travail_de_bachelor/project/play-java-seed/app/model/entities/unit/Unit.java. Using fallback presentation compiler.[0m
2026.07.06 08:21:48 WARN  Running javac-semanticdb failed for file:///mnt/c/Users/Vivobook%20Pro/Documents/HEIG-VD/TB/travail_de_bachelor/project/play-java-seed/app/model/entities/unit/Unit.java. Output:
[0m
2026.07.06 08:21:48 INFO  no build target found for /mnt/c/Users/Vivobook Pro/Documents/HEIG-VD/TB/travail_de_bachelor/project/play-java-seed/app/model/entities/unit/Unit.java. Using fallback presentation compiler.[0m
2026.07.06 08:21:49 INFO  no build target found for /mnt/c/Users/Vivobook Pro/Documents/HEIG-VD/TB/travail_de_bachelor/project/play-java-seed/app/model/entities/unit/Unit.java. Using fallback presentation compiler.[0m
2026.07.06 08:21:49 INFO  no build target found for /mnt/c/Users/Vivobook Pro/Documents/HEIG-VD/TB/travail_de_bachelor/project/play-java-seed/app/model/entities/unit/Unit.java. Using fallback presentation compiler.[0m
2026.07.06 08:21:49 INFO  no build target found for /mnt/c/Users/Vivobook Pro/Documents/HEIG-VD/TB/travail_de_bachelor/project/play-java-seed/app/model/entities/unit/Unit.java. Using fallback presentation compiler.[0m
2026.07.06 08:21:49 INFO  no build target found for /mnt/c/Users/Vivobook Pro/Documents/HEIG-VD/TB/travail_de_bachelor/project/play-java-seed/app/model/entities/unit/Unit.java. Using fallback presentation compiler.[0m
2026.07.06 08:21:49 INFO  no build target found for /mnt/c/Users/Vivobook Pro/Documents/HEIG-VD/TB/travail_de_bachelor/project/play-java-seed/app/model/entities/unit/Unit.java. Using fallback presentation compiler.[0m
2026.07.06 08:21:50 WARN  Running javac-semanticdb failed for file:///mnt/c/Users/Vivobook%20Pro/Documents/HEIG-VD/TB/travail_de_bachelor/project/play-java-seed/app/model/entities/unit/Unit.java. Output:
[0m
2026.07.06 08:21:50 INFO  no build target found for /mnt/c/Users/Vivobook Pro/Documents/HEIG-VD/TB/travail_de_bachelor/project/play-java-seed/app/model/entities/unit/Unit.java. Using fallback presentation compiler.[0m
2026.07.06 08:21:50 INFO  no build target found for /mnt/c/Users/Vivobook Pro/Documents/HEIG-VD/TB/travail_de_bachelor/project/play-java-seed/app/model/entities/unit/Unit.java. Using fallback presentation compiler.[0m
2026.07.06 08:21:50 WARN  no build target for: /mnt/c/Users/Vivobook Pro/Documents/HEIG-VD/TB/travail_de_bachelor/project/play-java-seed/app/model/entities/unit/Unit.java[0m
2026.07.06 08:21:50 INFO  no build target found for /mnt/c/Users/Vivobook Pro/Documents/HEIG-VD/TB/travail_de_bachelor/project/play-java-seed/app/model/entities/unit/Unit.java. Using fallback presentation compiler.[0m
2026.07.06 08:21:51 INFO  no build target found for /mnt/c/Users/Vivobook Pro/Documents/HEIG-VD/TB/travail_de_bachelor/project/play-java-seed/app/model/entities/unit/Unit.java. Using fallback presentation compiler.[0m
2026.07.06 08:21:52 INFO  no build target found for /mnt/c/Users/Vivobook Pro/Documents/HEIG-VD/TB/travail_de_bachelor/project/play-java-seed/app/model/entities/unit/Unit.java. Using fallback presentation compiler.[0m
2026.07.06 08:22:05 INFO  no build target found for /mnt/c/Users/Vivobook Pro/Documents/HEIG-VD/TB/travail_de_bachelor/project/play-java-seed/app/model/entities/unit/Unit.java. Using fallback presentation compiler.[0m
2026.07.06 08:22:29 INFO  no build target found for /mnt/c/Users/Vivobook Pro/Documents/HEIG-VD/TB/travail_de_bachelor/project/play-java-seed/app/model/entities/unit/Unit.java. Using fallback presentation compiler.[0m
2026.07.06 08:22:33 INFO  no build target found for /mnt/c/Users/Vivobook Pro/Documents/HEIG-VD/TB/travail_de_bachelor/project/play-java-seed/app/model/entities/unit/InstanceUnit.java. Using fallback presentation compiler.[0m
2026.07.06 08:22:33 WARN  no build target for: /mnt/c/Users/Vivobook Pro/Documents/HEIG-VD/TB/travail_de_bachelor/project/play-java-seed/app/model/entities/unit/InstanceUnit.java[0m
2026.07.06 08:22:33 INFO  no build target found for /mnt/c/Users/Vivobook Pro/Documents/HEIG-VD/TB/travail_de_bachelor/project/play-java-seed/app/model/entities/unit/InstanceUnit.java. Using fallback presentation compiler.[0m
2026.07.06 08:22:333 AM org.eclipse.lsp4j.jsonrpc.RemoteEndpoint handleCancellation
WARNING: Unmatched cancel notification for request id 1095
 INFO  no build target found for /mnt/c/Users/Vivobook Pro/Documents/HEIG-VD/TB/travail_de_bachelor/project/play-java-seed/app/model/entities/unit/InstanceUnit.java. Using fallback presentation compiler.[0m
2026.07.06 08:22:33 INFO  no build target found for /mnt/c/Users/Vivobook Pro/Documents/HEIG-VD/TB/travail_de_bachelor/project/play-java-seed/app/model/entities/unit/InstanceUnit.java. Using fallback presentation compiler.[0m
2026.07.06 08:22:33 INFO  no build target found for /mnt/c/Users/Vivobook Pro/Documents/HEIG-VD/TB/travail_de_bachelor/project/play-java-seed/app/model/entities/unit/InstanceUnit.java. Using fallback presentation compiler.[0m
2026.07.06 08:22:50 INFO  no build target found for /mnt/c/Users/Vivobook Pro/Documents/HEIG-VD/TB/travail_de_bachelor/project/play-java-seed/app/model/entities/unit/InstanceUnit.java. Using fallback presentation compiler.[0m
2026.07.06 08:22:50 INFO  no build target found for /mnt/c/Users/Vivobook Pro/Documents/HEIG-VD/TB/travail_de_bachelor/project/play-java-seed/app/model/entities/unit/InstanceUnit.java. Using fallback presentation compiler.[0m
2026.07.06 08:22:50 INFO  no build target found for /mnt/c/Users/Vivobook Pro/Documents/HEIG-VD/TB/travail_de_bachelor/project/play-java-seed/app/model/entities/unit/InstanceUnit.java. Using fallback presentation compiler.[0m
2026.07.06 08:22:50 INFO  no build target found for /mnt/c/Users/Vivobook Pro/Documents/HEIG-VD/TB/travail_de_bachelor/project/play-java-seed/app/model/entities/unit/InstanceUnit.java. Using fallback presentation compiler.[0m
2026.07.06 08:22:52 INFO  no build target found for /mnt/c/Users/Vivobook Pro/Documents/HEIG-VD/TB/travail_de_bachelor/project/play-java-seed/app/model/entities/unit/InstanceUnit.java. Using fallback presentation compiler.[0m
2026.07.06 08:22:52 INFO  no build target found for /mnt/c/Users/Vivobook Pro/Documents/HEIG-VD/TB/travail_de_bachelor/project/play-java-seed/app/model/entities/unit/InstanceUnit.java. Using fallback presentation compiler.[0m
2026.07.06 08:22:53 INFO  no build target found for /mnt/c/Users/Vivobook Pro/Documents/HEIG-VD/TB/travail_de_bachelor/project/play-java-seed/app/model/entities/unit/InstanceUnit.java. Using fallback presentation compiler.[0m
2026.07.06 08:22:53 INFO  no build target found for /mnt/c/Users/Vivobook Pro/Documents/HEIG-VD/TB/travail_de_bachelor/project/play-java-seed/app/model/entities/unit/InstanceUnit.java. Using fallback presentation compiler.[0m
2026.07.06 08:22:53 INFO  no build target found for /mnt/c/Users/Vivobook Pro/Documents/HEIG-VD/TB/travail_de_bachelor/project/play-java-seed/app/model/entities/unit/InstanceUnit.java. Using fallback presentation compiler.[0m
2026.07.06 08:22:55 INFO  no build target found for /mnt/c/Users/Vivobook Pro/Documents/HEIG-VD/TB/travail_de_bachelor/project/play-java-seed/app/model/entities/unit/InstanceUnit.java. Using fallback presentation compiler.[0m
2026.07.06 08:22:55 INFO  no build target found for /mnt/c/Users/Vivobook Pro/Documents/HEIG-VD/TB/travail_de_bachelor/project/play-java-seed/app/model/entities/unit/InstanceUnit.java. Using fallback presentation compiler.[0m
2026.07.06 08:22:56 INFO  no build target found for /mnt/c/Users/Vivobook Pro/Documents/HEIG-VD/TB/travail_de_bachelor/project/play-java-seed/app/model/entities/unit/InstanceUnit.java. Using fallback presentation compiler.[0m
2026.07.06 08:22:56 INFO  no build target found for /mnt/c/Users/Vivobook Pro/Documents/HEIG-VD/TB/travail_de_bachelor/project/play-java-seed/app/model/entities/unit/InstanceUnit.java. Using fallback presentation compiler.[0m
2026.07.06 08:24:10 INFO  no build target found for /mnt/c/Users/Vivobook Pro/Documents/HEIG-VD/TB/travail_de_bachelor/project/play-java-seed/app/model/entities/unit/InstanceUnit.java. Using fallback presentation compiler.[0m
2026.07.06 08:24:10 INFO  no build target found for /mnt/c/Users/Vivobook Pro/Documents/HEIG-VD/TB/travail_de_bachelor/project/play-java-seed/app/model/entities/unit/InstanceUnit.java. Using fallback presentation compiler.[0m
2026.07.06 08:24:10 INFO  no build target found for /mnt/c/Users/Vivobook Pro/Documents/HEIG-VD/TB/travail_de_bachelor/project/play-java-seed/app/model/entities/unit/InstanceUnit.java. Using fallback presentation compiler.[0m
2026.07.06 08:24:10 INFO  no build target found for /mnt/c/Users/Vivobook Pro/Documents/HEIG-VD/TB/travail_de_bachelor/project/play-java-seed/app/model/entities/unit/InstanceUnit.java. Using fallback presentation compiler.[0m
2026.07.06 08:24:12 INFO  no build target found for /mnt/c/Users/Vivobook Pro/Documents/HEIG-VD/TB/travail_de_bachelor/project/play-java-seed/app/model/entities/unit/InstanceUnit.java. Using fallback presentation compiler.[0m
2026.07.06 08:24:12 INFO  no build target found for /mnt/c/Users/Vivobook Pro/Documents/HEIG-VD/TB/travail_de_bachelor/project/play-java-seed/app/model/entities/unit/InstanceUnit.java. Using fallback presentation compiler.[0m
2026.07.06 08:24:13 INFO  no build target found for /mnt/c/Users/Vivobook Pro/Documents/HEIG-VD/TB/travail_de_bachelor/project/play-java-seed/app/model/entities/unit/InstanceUnit.java. Using fallback presentation compiler.[0m
2026.07.06 08:24:13 INFO  no build target found for /mnt/c/Users/Vivobook Pro/Documents/HEIG-VD/TB/travail_de_bachelor/project/play-java-seed/app/model/entities/unit/InstanceUnit.java. Using fallback presentation compiler.[0m
2026.07.06 08:24:13 INFO  no build target found for /mnt/c/Users/Vivobook Pro/Documents/HEIG-VD/TB/travail_de_bachelor/project/play-java-seed/app/model/entities/unit/InstanceUnit.java. Using fallback presentation compiler.[0m
2026.07.06 08:24:13 INFO  no build target found for /mnt/c/Users/Vivobook Pro/Documents/HEIG-VD/TB/travail_de_bachelor/project/play-java-seed/app/model/entities/unit/InstanceUnit.java. Using fallback presentation compiler.[0m
2026.07.06 08:24:13 INFO  no build target found for /mnt/c/Users/Vivobook Pro/Documents/HEIG-VD/TB/travail_de_bachelor/project/play-java-seed/app/model/entities/unit/InstanceUnit.java. Using fallback presentation compiler.[0m
2026.07.06 08:24:13 INFO  no build target found for /mnt/c/Users/Vivobook Pro/Documents/HEIG-VD/TB/travail_de_bachelor/project/play-java-seed/app/model/entities/unit/InstanceUnit.java. Using fallback presentation compiler.[0m
2026.07.06 08:24:13 INFO  no build target found for /mnt/c/Users/Vivobook Pro/Documents/HEIG-VD/TB/travail_de_bachelor/project/play-java-seed/app/model/entities/unit/InstanceUnit.java. Using fallback presentation compiler.[0m
2026.07.06 08:24:13 WARN  Running javac-semanticdb failed for file:///mnt/c/Users/Vivobook%20Pro/Documents/HEIG-VD/TB/travail_de_bachelor/project/play-java-seed/app/model/entities/unit/InstanceUnit.java. Output:
[0m
2026.07.06 08:24:14 INFO  no build target found for /mnt/c/Users/Vivobook Pro/Documents/HEIG-VD/TB/travail_de_bachelor/project/play-java-seed/app/model/entities/unit/InstanceUnit.java. Using fallback presentation compiler.[0m
2026.07.06 08:24:14 INFO  no build target found for /mnt/c/Users/Vivobook Pro/Documents/HEIG-VD/TB/travail_de_bachelor/project/play-java-seed/app/model/entities/unit/InstanceUnit.java. Using fallback presentation compiler.[0m
2026.07.06 08:24:14 INFO  no build target found for /mnt/c/Users/Vivobook Pro/Documents/HEIG-VD/TB/travail_de_bachelor/project/play-java-seed/app/model/entities/unit/InstanceUnit.java. Using fallback presentation compiler.[0m
2026.07.06 08:24:14 WARN  Running javac-semanticdb failed for file:///mnt/c/Users/Vivobook%20Pro/Documents/HEIG-VD/TB/travail_de_bachelor/project/play-java-seed/app/model/entities/unit/InstanceUnit.java. Output:
[0m
2026.07.06 08:24:14 INFO  no build target found for /mnt/c/Users/Vivobook Pro/Documents/HEIG-VD/TB/travail_de_bachelor/project/play-java-seed/app/model/entities/unit/InstanceUnit.java. Using fallback presentation compiler.[0m
2026.07.06 08:24:14 INFO  no build target found for /mnt/c/Users/Vivobook Pro/Documents/HEIG-VD/TB/travail_de_bachelor/project/play-java-seed/app/model/entities/unit/InstanceUnit.java. Using fallback presentation compiler.[0m
2026.07.06 08:24:14 INFO  no build target found for /mnt/c/Users/Vivobook Pro/Documents/HEIG-VD/TB/travail_de_bachelor/project/play-java-seed/app/model/entities/unit/InstanceUnit.java. Using fallback presentation compiler.[0m
2026.07.06 08:24:14 INFO  no build target found for /mnt/c/Users/Vivobook Pro/Documents/HEIG-VD/TB/travail_de_bachelor/project/play-java-seed/app/model/entities/unit/InstanceUnit.java. Using fallback presentation compiler.[0m
2026.07.06 08:24:14 WARN  Running javac-semanticdb failed for file:///mnt/c/Users/Vivobook%20Pro/Documents/HEIG-VD/TB/travail_de_bachelor/project/play-java-seed/app/model/entities/unit/InstanceUnit.java. Output:
[0m
2026.07.06 08:24:14 INFO  no build target found for /mnt/c/Users/Vivobook Pro/Documents/HEIG-VD/TB/travail_de_bachelor/project/play-java-seed/app/model/entities/unit/InstanceUnit.java. Using fallback presentation compiler.[0m
2026.07.06 08:24:14 INFO  no build target found for /mnt/c/Users/Vivobook Pro/Documents/HEIG-VD/TB/travail_de_bachelor/project/play-java-seed/app/model/entities/unit/InstanceUnit.java. Using fallback presentation compiler.[0m
2026.07.06 08:24:15 INFO  no build target found for /mnt/c/Users/Vivobook Pro/Documents/HEIG-VD/TB/travail_de_bachelor/project/play-java-seed/app/model/entities/unit/InstanceUnit.java. Using fallback presentation compiler.[0m
2026.07.06 08:24:15 INFO  no build target found for /mnt/c/Users/Vivobook Pro/Documents/HEIG-VD/TB/travail_de_bachelor/project/play-java-seed/app/model/entities/unit/InstanceUnit.java. Using fallback presentation compiler.[0m
2026.07.06 08:24:15 INFO  no build target found for /mnt/c/Users/Vivobook Pro/Documents/HEIG-VD/TB/travail_de_bachelor/project/play-java-seed/app/model/entities/unit/InstanceUnit.java. Using fallback presentation compiler.[0m
2026.07.06 08:24:15 INFO  no build target found for /mnt/c/Users/Vivobook Pro/Documents/HEIG-VD/TB/travail_de_bachelor/project/play-java-seed/app/model/entities/unit/InstanceUnit.java. Using fallback presentation compiler.[0m
2026.07.06 08:24:16 WARN  Running javac-semanticdb failed for file:///mnt/c/Users/Vivobook%20Pro/Documents/HEIG-VD/TB/travail_de_bachelor/project/play-java-seed/app/model/entities/unit/InstanceUnit.java. Output:
[0m
2026.07.06 08:24:15 INFO  no build target found for /mnt/c/Users/Vivobook Pro/Documents/HEIG-VD/TB/travail_de_bachelor/project/play-java-seed/app/model/entities/unit/InstanceUnit.java. Using fallback presentation compiler.[0m
2026.07.06 08:24:16 WARN  no build target for: /mnt/c/Users/Vivobook Pro/Documents/HEIG-VD/TB/travail_de_bachelor/project/play-java-seed/app/model/entities/unit/InstanceUnit.java[0m
2026.07.06 08:24:16 INFO  no build target found for /mnt/c/Users/Vivobook Pro/Documents/HEIG-VD/TB/travail_de_bachelor/project/play-java-seed/app/model/entities/unit/InstanceUnit.java. Using fallback presentation compiler.[0m
2026.07.06 08:24:17 INFO  no build target found for /mnt/c/Users/Vivobook Pro/Documents/HEIG-VD/TB/travail_de_bachelor/project/play-java-seed/app/model/entities/unit/InstanceUnit.java. Using fallback presentation compiler.[0m
2026.07.06 08:24:17 INFO  no build target found for /mnt/c/Users/Vivobook Pro/Documents/HEIG-VD/TB/travail_de_bachelor/project/play-java-seed/app/model/entities/unit/InstanceUnit.java. Using fallback presentation compiler.[0m
2026.07.06 08:24:17 INFO  no build target found for /mnt/c/Users/Vivobook Pro/Documents/HEIG-VD/TB/travail_de_bachelor/project/play-java-seed/app/model/entities/unit/InstanceUnit.java. Using fallback presentation compiler.[0m
2026.07.06 08:24:19 INFO  no build target found for /mnt/c/Users/Vivobook Pro/Documents/HEIG-VD/TB/travail_de_bachelor/project/play-java-seed/app/model/entities/unit/InstanceUnit.java. Using fallback presentation compiler.[0m
2026.07.06 08:24:19 INFO  no build target found for /mnt/c/Users/Vivobook Pro/Documents/HEIG-VD/TB/travail_de_bachelor/project/play-java-seed/app/model/entities/unit/InstanceUnit.java. Using fallback presentation compiler.[0m
2026.07.06 08:24:20 WARN  Running javac-semanticdb failed for file:///mnt/c/Users/Vivobook%20Pro/Documents/HEIG-VD/TB/travail_de_bachelor/project/play-java-seed/app/model/entities/unit/InstanceUnit.java. Output:
[0m
2026.07.06 08:24:20 INFO  no build target found for /mnt/c/Users/Vivobook Pro/Documents/HEIG-VD/TB/travail_de_bachelor/project/play-java-seed/app/model/entities/unit/InstanceUnit.java. Using fallback presentation compiler.[0m
2026.07.06 08:24:20 INFO  no build target found for /mnt/c/Users/Vivobook Pro/Documents/HEIG-VD/TB/travail_de_bachelor/project/play-java-seed/app/model/entities/unit/InstanceUnit.java. Using fallback presentation compiler.[0m
2026.07.06 08:24:20 INFO  no build target found for /mnt/c/Users/Vivobook Pro/Documents/HEIG-VD/TB/travail_de_bachelor/project/play-java-seed/app/model/entities/unit/InstanceUnit.java. Using fallback presentation compiler.[0m
2026.07.06 08:24:20 INFO  no build target found for /mnt/c/Users/Vivobook Pro/Documents/HEIG-VD/TB/travail_de_bachelor/project/play-java-seed/app/model/entities/unit/InstanceUnit.java. Using fallback presentation compiler.[0m
2026.07.06 08:24:20 INFO  no build target found for /mnt/c/Users/Vivobook Pro/Documents/HEIG-VD/TB/travail_de_bachelor/project/play-java-seed/app/model/entities/unit/InstanceUnit.java. Using fallback presentation compiler.[0m
2026.07.06 08:24:21 INFO  no build target found for /mnt/c/Users/Vivobook Pro/Documents/HEIG-VD/TB/travail_de_bachelor/project/play-java-seed/app/model/entities/unit/InstanceUnit.java. Using fallback presentation compiler.[0m
2026.07.06 08:24:20 INFO  no build target found for /mnt/c/Users/Vivobook Pro/Documents/HEIG-VD/TB/travail_de_bachelor/project/play-java-seed/app/model/entities/unit/InstanceUnit.java. Using fallback presentation compiler.[0m
2026.07.06 08:24:20 INFO  no build target found for /mnt/c/Users/Vivobook Pro/Documents/HEIG-VD/TB/travail_de_bachelor/project/play-java-seed/app/model/entities/unit/InstanceUnit.java. Using fallback presentation compiler.[0m
2026.07.06 08:24:20 INFO  no build target found for /mnt/c/Users/Vivobook Pro/Documents/HEIG-VD/TB/travail_de_bachelor/project/play-java-seed/app/model/entities/unit/InstanceUnit.java. Using fallback presentation compiler.[0m
2026.07.06 08:24:21 INFO  no build target found for /mnt/c/Users/Vivobook Pro/Documents/HEIG-VD/TB/travail_de_bachelor/project/play-java-seed/app/model/entities/unit/InstanceUnit.java. Using fallback presentation compiler.[0m
2026.07.06 08:24:20 INFO  no build target found for /mnt/c/Users/Vivobook Pro/Documents/HEIG-VD/TB/travail_de_bachelor/project/play-java-seed/app/model/entities/unit/InstanceUnit.java. Using fallback presentation compiler.[0m
2026.07.06 08:24:20 INFO  no build target found for /mnt/c/Users/Vivobook Pro/Documents/HEIG-VD/TB/travail_de_bachelor/project/play-java-seed/app/model/entities/unit/InstanceUnit.java. Using fallback presentation compiler.[0m
2026.07.06 08:24:21 WARN  Running javac-semanticdb failed for file:///mnt/c/Users/Vivobook%20Pro/Documents/HEIG-VD/TB/travail_de_bachelor/project/play-java-seed/app/model/entities/unit/InstanceUnit.java. Output:
[0m
2026.07.06 08:24:21 INFO  no build target found for /mnt/c/Users/Vivobook Pro/Documents/HEIG-VD/TB/travail_de_bachelor/project/play-java-seed/app/model/entities/unit/InstanceUnit.java. Using fallback presentation compiler.[0m
2026.07.06 08:24:22 INFO  no build target found for /mnt/c/Users/Vivobook Pro/Documents/HEIG-VD/TB/travail_de_bachelor/project/play-java-seed/app/model/entities/unit/InstanceUnit.java. Using fallback presentation compiler.[0m
2026.07.06 08:24:22 INFO  no build target found for /mnt/c/Users/Vivobook Pro/Documents/HEIG-VD/TB/travail_de_bachelor/project/play-java-seed/app/model/entities/unit/InstanceUnit.java. Using fallback presentation compiler.[0m
2026.07.06 08:24:22 INFO  no build target found for /mnt/c/Users/Vivobook Pro/Documents/HEIG-VD/TB/travail_de_bachelor/project/play-java-seed/app/model/entities/unit/InstanceUnit.java. Using fallback presentation compiler.[0m
2026.07.06 08:24:22 INFO  no build target found for /mnt/c/Users/Vivobook Pro/Documents/HEIG-VD/TB/travail_de_bachelor/project/play-java-seed/app/model/entities/unit/InstanceUnit.java. Using fallback presentation compiler.[0m
2026.07.06 08:24:22 WARN  Running javac-semanticdb failed for file:///mnt/c/Users/Vivobook%20Pro/Documents/HEIG-VD/TB/travail_de_bachelor/project/play-java-seed/app/model/entities/unit/InstanceUnit.java. Output:
[0m
2026.07.06 08:24:22 INFO  no build target found for /mnt/c/Users/Vivobook Pro/Documents/HEIG-VD/TB/travail_de_bachelor/project/play-java-seed/app/model/entities/unit/InstanceUnit.java. Using fallback presentation compiler.[0m
2026.07.06 08:24:22 INFO  no build target found for /mnt/c/Users/Vivobook Pro/Documents/HEIG-VD/TB/travail_de_bachelor/project/play-java-seed/app/model/entities/unit/InstanceUnit.java. Using fallback presentation compiler.[0m
2026.07.06 08:24:23 WARN  Running javac-semanticdb failed for file:///mnt/c/Users/Vivobook%20Pro/Documents/HEIG-VD/TB/travail_de_bachelor/project/play-java-seed/app/model/entities/unit/InstanceUnit.java. Output:
[0m
2026.07.06 08:24:22 INFO  no build target found for /mnt/c/Users/Vivobook Pro/Documents/HEIG-VD/TB/travail_de_bachelor/project/play-java-seed/app/model/entities/unit/InstanceUnit.java. Using fallback presentation compiler.[0m
2026.07.06 08:24:23 INFO  no build target found for /mnt/c/Users/Vivobook Pro/Documents/HEIG-VD/TB/travail_de_bachelor/project/play-java-seed/app/model/entities/unit/InstanceUnit.java. Using fallback presentation compiler.[0m
2026.07.06 08:24:23 INFO  no build target found for /mnt/c/Users/Vivobook Pro/Documents/HEIG-VD/TB/travail_de_bachelor/project/play-java-seed/app/model/entities/unit/InstanceUnit.java. Using fallback presentation compiler.[0m
2026.07.06 08:24:23 INFO  no build target found for /mnt/c/Users/Vivobook Pro/Documents/HEIG-VD/TB/travail_de_bachelor/project/play-java-seed/app/model/entities/unit/InstanceUnit.java. Using fallback presentation compiler.[0m
2026.07.06 08:24:23 INFO  no build target found for /mnt/c/Users/Vivobook Pro/Documents/HEIG-VD/TB/travail_de_bachelor/project/play-java-seed/app/model/entities/unit/InstanceUnit.java. Using fallback presentation compiler.[0m
2026.07.06 08:24:23 INFO  no build target found for /mnt/c/Users/Vivobook Pro/Documents/HEIG-VD/TB/travail_de_bachelor/project/play-java-seed/app/model/entities/unit/InstanceUnit.java. Using fallback presentation compiler.[0m
2026.07.06 08:24:23 INFO  no build target found for /mnt/c/Users/Vivobook Pro/Documents/HEIG-VD/TB/travail_de_bachelor/project/play-java-seed/app/model/entities/unit/InstanceUnit.java. Using fallback presentation compiler.[0m
2026.07.06 08:24:23 INFO  no build target found for /mnt/c/Users/Vivobook Pro/Documents/HEIG-VD/TB/travail_de_bachelor/project/play-java-seed/app/model/entities/unit/InstanceUnit.java. Using fallback presentation compiler.[0m
2026.07.06 08:24:23 INFO  no build target found for /mnt/c/Users/Vivobook Pro/Documents/HEIG-VD/TB/travail_de_bachelor/project/play-java-seed/app/model/entities/unit/InstanceUnit.java. Using fallback presentation compiler.[0m
2026.07.06 08:24:24 INFO  no build target found for /mnt/c/Users/Vivobook Pro/Documents/HEIG-VD/TB/travail_de_bachelor/project/play-java-seed/app/model/entities/unit/InstanceUnit.java. Using fallback presentation compiler.[0m
2026.07.06 08:24:23 INFO  no build target found for /mnt/c/Users/Vivobook Pro/Documents/HEIG-VD/TB/travail_de_bachelor/project/play-java-seed/app/model/entities/unit/InstanceUnit.java. Using fallback presentation compiler.[0m
2026.07.06 08:24:24 INFO  no build target found for /mnt/c/Users/Vivobook Pro/Documents/HEIG-VD/TB/travail_de_bachelor/project/play-java-seed/app/model/entities/unit/InstanceUnit.java. Using fallback presentation compiler.[0m
2026.07.06 08:24:24 INFO  no build target found for /mnt/c/Users/Vivobook Pro/Documents/HEIG-VD/TB/travail_de_bachelor/project/play-java-seed/app/model/entities/unit/InstanceUnit.java. Using fallback presentation compiler.[0m
2026.07.06 08:24:24 INFO  no build target found for /mnt/c/Users/Vivobook Pro/Documents/HEIG-VD/TB/travail_de_bachelor/project/play-java-seed/app/model/entities/unit/InstanceUnit.java. Using fallback presentation compiler.[0m
2026.07.06 08:24:24 WARN  Running javac-semanticdb failed for file:///mnt/c/Users/Vivobook%20Pro/Documents/HEIG-VD/TB/travail_de_bachelor/project/play-java-seed/app/model/entities/unit/InstanceUnit.java. Output:
[0m
2026.07.06 08:24:24 INFO  no build target found for /mnt/c/Users/Vivobook Pro/Documents/HEIG-VD/TB/travail_de_bachelor/project/play-java-seed/app/model/entities/unit/InstanceUnit.java. Using fallback presentation compiler.[0m
2026.07.06 08:24:24 INFO  no build target found for /mnt/c/Users/Vivobook Pro/Documents/HEIG-VD/TB/travail_de_bachelor/project/play-java-seed/app/model/entities/unit/InstanceUnit.java. Using fallback presentation compiler.[0m
2026.07.06 08:24:24 INFO  no build target found for /mnt/c/Users/Vivobook Pro/Documents/HEIG-VD/TB/travail_de_bachelor/project/play-java-seed/app/model/entities/unit/InstanceUnit.java. Using fallback presentation compiler.[0m
2026.07.06 08:24:24 WARN  Running javac-semanticdb failed for file:///mnt/c/Users/Vivobook%20Pro/Documents/HEIG-VD/TB/travail_de_bachelor/project/play-java-seed/app/model/entities/unit/InstanceUnit.java. Output:
[0m
2026.07.06 08:24:25 INFO  no build target found for /mnt/c/Users/Vivobook Pro/Documents/HEIG-VD/TB/travail_de_bachelor/project/play-java-seed/app/model/entities/unit/InstanceUnit.java. Using fallback presentation compiler.[0m
2026.07.06 08:24:25 INFO  no build target found for /mnt/c/Users/Vivobook Pro/Documents/HEIG-VD/TB/travail_de_bachelor/project/play-java-seed/app/model/entities/unit/InstanceUnit.java. Using fallback presentation compiler.[0m
2026.07.06 08:24:25 INFO  no build target found for /mnt/c/Users/Vivobook Pro/Documents/HEIG-VD/TB/travail_de_bachelor/project/play-java-seed/app/model/entities/unit/InstanceUnit.java. Using fallback presentation compiler.[0m
2026.07.06 08:24:25 INFO  no build target found for /mnt/c/Users/Vivobook Pro/Documents/HEIG-VD/TB/travail_de_bachelor/project/play-java-seed/app/model/entities/unit/InstanceUnit.java. Using fallback presentation compiler.[0m
Jul 06, 2026 8:24:26 AM org.eclipse.lsp4j.jsonrpc.RemoteEndpoint handleCancellation
WARNING: Unmatched cancel notification for request id 1230
2026.07.06 08:24:25 INFO  no build target found for /mnt/c/Users/Vivobook Pro/Documents/HEIG-VD/TB/travail_de_bachelor/project/play-java-seed/app/model/entities/unit/InstanceUnit.java. Using fallback presentation compiler.[0m
2026.07.06 08:24:26 WARN  Running javac-semanticdb failed for file:///mnt/c/Users/Vivobook%20Pro/Documents/HEIG-VD/TB/travail_de_bachelor/project/play-java-seed/app/model/entities/unit/InstanceUnit.java. Output:
[0m
Jul 06, 2026 8:24:2  AM org.eclipse.lsp4j.jsonrpc.RemoteEndpoint handleCancellation
WARNING: Unmatched cancel notification for request id 1233
INFO  no build target found for /mnt/c/Users/Vivobook Pro/Documents/HEIG-VD/TB/travail_de_bachelor/project/play-java-seed/app/model/entities/unit/InstanceUnit.java. Using fallback presentation compiler.[0m
2026.07.06 08:24:25 INFO  no build target found for /mnt/c/Users/Vivobook Pro/Documents/HEIG-VD/TB/travail_de_bachelor/project/play-java-seed/app/model/entities/unit/InstanceUnit.java. Using fallback presentation compiler.[0m
2026.07.06 08:24:25 INFO  no build target found for /mnt/c/Users/Vivobook Pro/Documents/HEIG-VD/TB/travail_de_bachelor/project/play-java-seed/app/model/entities/unit/InstanceUnit.java. Using fallback presentation compiler.[0m
2026.07.06 08:24:25 INFO  no build target found for /mnt/c/Users/Vivobook Pro/Documents/HEIG-VD/TB/travail_de_bachelor/project/play-java-seed/app/model/entities/unit/InstanceUnit.java. Using fallback presentation compiler.[0m
2026.07.06 08:24:26 WARN  Running javac-semanticdb failed for file:///mnt/c/Users/Vivobook%20Pro/Documents/HEIG-VD/TB/travail_de_bachelor/project/play-java-seed/app/model/entities/unit/InstanceUnit.java. Output:
[0m
2026.07.06 08:24:26 INFO  no build target found for /mnt/c/Users/Vivobook Pro/Documents/HEIG-VD/TB/travail_de_bachelor/project/play-java-seed/app/model/entities/unit/InstanceUnit.java. Using fallback presentation compiler.[0m
2026.07.06 08:24:27 INFO  no build target found for /mnt/c/Users/Vivobook Pro/Documents/HEIG-VD/TB/travail_de_bachelor/project/play-java-seed/app/model/entities/unit/InstanceUnit.java. Using fallback presentation compiler.[0m
2026.07.06 08:24:27 WARN  no build target for: /mnt/c/Users/Vivobook Pro/Documents/HEIG-VD/TB/travail_de_bachelor/project/play-java-seed/app/model/entities/unit/InstanceUnit.java[0m
2026.07.06 08:24:27 INFO  no build target found for /mnt/c/Users/Vivobook Pro/Documents/HEIG-VD/TB/travail_de_bachelor/project/play-java-seed/app/model/entities/unit/InstanceUnit.java. Using fallback presentation compiler.[0m
2026.07.06 08:24:27 INFO  no build target found for /mnt/c/Users/Vivobook Pro/Documents/HEIG-VD/TB/travail_de_bachelor/project/play-java-seed/app/model/entities/unit/InstanceUnit.java. Using fallback presentation compiler.[0m
2026.07.06 08:24:27 INFO  no build target found for /mnt/c/Users/Vivobook Pro/Documents/HEIG-VD/TB/travail_de_bachelor/project/play-java-seed/app/model/entities/unit/InstanceUnit.java. Using fallback presentation compiler.[0m
2026.07.06 08:24:27 INFO  no build target found for /mnt/c/Users/Vivobook Pro/Documents/HEIG-VD/TB/travail_de_bachelor/project/play-java-seed/app/model/entities/unit/InstanceUnit.java. Using fallback presentation compiler.[0m
2026.07.06 08:24:27 WARN  Running javac-semanticdb failed for file:///mnt/c/Users/Vivobook%20Pro/Documents/HEIG-VD/TB/travail_de_bachelor/project/play-java-seed/app/model/entities/unit/InstanceUnit.java. Output:
[0m
2026.07.06 08:24:27 INFO  no build target found for /mnt/c/Users/Vivobook Pro/Documents/HEIG-VD/TB/travail_de_bachelor/project/play-java-seed/app/model/entities/unit/InstanceUnit.java. Using fallback presentation compiler.[0m
2026.07.06 08:24:27 INFO  no build target found for /mnt/c/Users/Vivobook Pro/Documents/HEIG-VD/TB/travail_de_bachelor/project/play-java-seed/app/model/entities/unit/InstanceUnit.java. Using fallback presentation compiler.[0m
2026.07.06 08:24:28 INFO  no build target found for /mnt/c/Users/Vivobook Pro/Documents/HEIG-VD/TB/travail_de_bachelor/project/play-java-seed/app/model/entities/unit/InstanceUnit.java. Using fallback presentation compiler.[0m
2026.07.06 08:24:28 INFO  no build target found for /mnt/c/Users/Vivobook Pro/Documents/HEIG-VD/TB/travail_de_bachelor/project/play-java-seed/app/model/entities/unit/InstanceUnit.java. Using fallback presentation compiler.[0m
2026.07.06 08:24:28 INFO  no build target found for /mnt/c/Users/Vivobook Pro/Documents/HEIG-VD/TB/travail_de_bachelor/project/play-java-seed/app/model/entities/unit/InstanceUnit.java. Using fallback presentation compiler.[0m
2026.07.06 08:24:28 WARN  Running javac-semanticdb failed for file:///mnt/c/Users/Vivobook%20Pro/Documents/HEIG-VD/TB/travail_de_bachelor/project/play-java-seed/app/model/entities/unit/InstanceUnit.java. Output:
[0m
2026.07.06 08:24:28 INFO  no build target found for /mnt/c/Users/Vivobook Pro/Documents/HEIG-VD/TB/travail_de_bachelor/project/play-java-seed/app/model/entities/unit/InstanceUnit.java. Using fallback presentation compiler.[0m
2026.07.06 08:24:28 INFO  no build target found for /mnt/c/Users/Vivobook Pro/Documents/HEIG-VD/TB/travail_de_bachelor/project/play-java-seed/app/model/entities/unit/InstanceUnit.java. Using fallback presentation compiler.[0m
2026.07.06 08:24:28 INFO  no build target found for /mnt/c/Users/Vivobook Pro/Documents/HEIG-VD/TB/travail_de_bachelor/project/play-java-seed/app/model/entities/unit/InstanceUnit.java. Using fallback presentation compiler.[0m
2026.07.06 08:24:28 INFO  no build target found for /mnt/c/Users/Vivobook Pro/Documents/HEIG-VD/TB/travail_de_bachelor/project/play-java-seed/app/model/entities/unit/InstanceUnit.java. Using fallback presentation compiler.[0m
2026.07.06 08:24:29 WARN  Running javac-semanticdb failed for file:///mnt/c/Users/Vivobook%20Pro/Documents/HEIG-VD/TB/travail_de_bachelor/project/play-java-seed/app/model/entities/unit/InstanceUnit.java. Output:
[0m
2026.07.06 08:24:29 INFO  no build target found for /mnt/c/Users/Vivobook Pro/Documents/HEIG-VD/TB/travail_de_bachelor/project/play-java-seed/app/model/entities/unit/InstanceUnit.java. Using fallback presentation compiler.[0m
2026.07.06 08:24:29 INFO  no build target found for /mnt/c/Users/Vivobook Pro/Documents/HEIG-VD/TB/travail_de_bachelor/project/play-java-seed/app/model/entities/unit/InstanceUnit.java. Using fallback presentation compiler.[0m
2026.07.06 08:24:29 INFO  no build target found for /mnt/c/Users/Vivobook Pro/Documents/HEIG-VD/TB/travail_de_bachelor/project/play-java-seed/app/model/entities/unit/InstanceUnit.java. Using fallback presentation compiler.[0m
2026.07.06 08:24:29 WARN  Running javac-semanticdb failed for file:///mnt/c/Users/Vivobook%20Pro/Documents/HEIG-VD/TB/travail_de_bachelor/project/play-java-seed/app/model/entities/unit/InstanceUnit.java. Output:
[0m
2026.07.06 08:24:29 INFO  no build target found for /mnt/c/Users/Vivobook Pro/Documents/HEIG-VD/TB/travail_de_bachelor/project/play-java-seed/app/model/entities/unit/InstanceUnit.java. Using fallback presentation compiler.[0m
2026.07.06 08:24:29 INFO  no build target found for /mnt/c/Users/Vivobook Pro/Documents/HEIG-VD/TB/travail_de_bachelor/project/play-java-seed/app/model/entities/unit/InstanceUnit.java. Using fallback presentation compiler.[0m
2026.07.06 08:24:30 WARN  no build target for: /mnt/c/Users/Vivobook Pro/Documents/HEIG-VD/TB/travail_de_bachelor/project/play-java-seed/app/model/entities/unit/InstanceUnit.java[0m
2026.07.06 08:24:30 INFO  Created report: Optional[file:///mnt/c/Users/Vivobook%20Pro/Documents/HEIG-VD/TB/travail_de_bachelor/project/play-java-seed/app/model/entities/unit/InstanceUnit.java][0m
2026.07.06 08:24:30 INFO  QDox parse error in file:///mnt/c/Users/Vivobook%20Pro/Documents/HEIG-VD/TB/travail_de_bachelor/project/play-java-seed/app/model/entities/unit/InstanceUnit.java (full report at: "/mnt/c/Users/Vivobook Pro/Documents/HEIG-VD/TB/travail_de_bachelor/project/play-java-seed/.metals/.reports/metals-full/2026-07-06/r_qdox-error_08-24-30-267.md")[0m
2026.07.06 08:24:30 INFO  no build target found for /mnt/c/Users/Vivobook Pro/Documents/HEIG-VD/TB/travail_de_bachelor/project/play-java-seed/app/model/entities/unit/InstanceUnit.java. Using fallback presentation compiler.[0m
2026.07.06 08:24:31 INFO  no build target found for /mnt/c/Users/Vivobook Pro/Documents/HEIG-VD/TB/travail_de_bachelor/project/play-java-seed/app/model/entities/unit/InstanceUnit.java. Using fallback presentation compiler.[0m
2026.07.06 08:24:31 INFO  no build target found for /mnt/c/Users/Vivobook Pro/Documents/HEIG-VD/TB/travail_de_bachelor/project/play-java-seed/app/model/entities/unit/InstanceUnit.java. Using fallback presentation compiler.[0m
2026.07.06 08:24:31 INFO  no build target found for /mnt/c/Users/Vivobook Pro/Documents/HEIG-VD/TB/travail_de_bachelor/project/play-java-seed/app/model/entities/unit/InstanceUnit.java. Using fallback presentation compiler.[0m
2026.07.06 08:24:31 WARN  Running javac-semanticdb failed for file:///mnt/c/Users/Vivobook%20Pro/Documents/HEIG-VD/TB/travail_de_bachelor/project/play-java-seed/app/model/entities/unit/InstanceUnit.java. Output:
[0m
2026.07.06 08:24:31 INFO  no build target found for /mnt/c/Users/Vivobook Pro/Documents/HEIG-VD/TB/travail_de_bachelor/project/play-java-seed/app/model/entities/unit/InstanceUnit.java. Using fallback presentation compiler.[0m
2026.07.06 08:24:31 INFO  no build target found for /mnt/c/Users/Vivobook Pro/Documents/HEIG-VD/TB/travail_de_bachelor/project/play-java-seed/app/model/entities/unit/InstanceUnit.java. Using fallback presentation compiler.[0m
2026.07.06 08:24:32 WARN  no build target for: /mnt/c/Users/Vivobook Pro/Documents/HEIG-VD/TB/travail_de_bachelor/project/play-java-seed/app/model/entities/unit/InstanceUnit.java[0m
2026.07.06 08:24:31 INFO  no build target found for /mnt/c/Users/Vivobook Pro/Documents/HEIG-VD/TB/travail_de_bachelor/project/play-java-seed/app/model/entities/unit/InstanceUnit.java. Using fallback presentation compiler.[0m
2026.07.06 08:24:32 INFO  no build target found for /mnt/c/Users/Vivobook Pro/Documents/HEIG-VD/TB/travail_de_bachelor/project/play-java-seed/app/model/entities/unit/InstanceUnit.java. Using fallback presentation compiler.[0m
2026.07.06 08:24:32 INFO  no build target found for /mnt/c/Users/Vivobook Pro/Documents/HEIG-VD/TB/travail_de_bachelor/project/play-java-seed/app/model/entities/unit/InstanceUnit.java. Using fallback presentation compiler.[0m
2026.07.06 08:24:32 INFO  no build target found for /mnt/c/Users/Vivobook Pro/Documents/HEIG-VD/TB/travail_de_bachelor/project/play-java-seed/app/model/entities/unit/InstanceUnit.java. Using fallback presentation compiler.[0m
2026.07.06 08:24:32 INFO  no build target found for /mnt/c/Users/Vivobook Pro/Documents/HEIG-VD/TB/travail_de_bachelor/project/play-java-seed/app/model/entities/unit/InstanceUnit.java. Using fallback presentation compiler.[0m
2026.07.06 08:24:32 INFO  no build target found for /mnt/c/Users/Vivobook Pro/Documents/HEIG-VD/TB/travail_de_bachelor/project/play-java-seed/app/model/entities/unit/InstanceUnit.java. Using fallback presentation compiler.[0m
2026.07.06 08:24:32 INFO  no build target found for /mnt/c/Users/Vivobook Pro/Documents/HEIG-VD/TB/travail_de_bachelor/project/play-java-seed/app/model/entities/unit/InstanceUnit.java. Using fallback presentation compiler.[0m
2026.07.06 08:24:32 WARN  Running javac-semanticdb failed for file:///mnt/c/Users/Vivobook%20Pro/Documents/HEIG-VD/TB/travail_de_bachelor/project/play-java-seed/app/model/entities/unit/InstanceUnit.java. Output:
[0m
2026.07.06 08:24:32 INFO  no build target found for /mnt/c/Users/Vivobook Pro/Documents/HEIG-VD/TB/travail_de_bachelor/project/play-java-seed/app/model/entities/unit/InstanceUnit.java. Using fallback presentation compiler.[0m
2026.07.06 08:24:32 INFO  no build target found for /mnt/c/Users/Vivobook Pro/Documents/HEIG-VD/TB/travail_de_bachelor/project/play-java-seed/app/model/entities/unit/InstanceUnit.java. Using fallback presentation compiler.[0m
2026.07.06 08:24:33 INFO  no build target found for /mnt/c/Users/Vivobook Pro/Documents/HEIG-VD/TB/travail_de_bachelor/project/play-java-seed/app/model/entities/unit/InstanceUnit.java. Using fallback presentation compiler.[0m
2026.07.06 08:24:33 INFO  no build target found for /mnt/c/Users/Vivobook Pro/Documents/HEIG-VD/TB/travail_de_bachelor/project/play-java-seed/app/model/entities/unit/InstanceUnit.java. Using fallback presentation compiler.[0m
2026.07.06 08:24:33 INFO  no build target found for /mnt/c/Users/Vivobook Pro/Documents/HEIG-VD/TB/travail_de_bachelor/project/play-java-seed/app/model/entities/unit/InstanceUnit.java. Using fallback presentation compiler.[0m
2026.07.06 08:24:33 WARN  Running javac-semanticdb failed for file:///mnt/c/Users/Vivobook%20Pro/Documents/HEIG-VD/TB/travail_de_bachelor/project/play-java-seed/app/model/entities/unit/InstanceUnit.java. Output:
[0m
2026.07.06 08:24:33 INFO  no build target found for /mnt/c/Users/Vivobook Pro/Documents/HEIG-VD/TB/travail_de_bachelor/project/play-java-seed/app/model/entities/unit/InstanceUnit.java. Using fallback presentation compiler.[0m
2026.07.06 08:24:33 INFO  no build target found for /mnt/c/Users/Vivobook Pro/Documents/HEIG-VD/TB/travail_de_bachelor/project/play-java-seed/app/model/entities/unit/InstanceUnit.java. Using fallback presentation compiler.[0m
2026.07.06 08:24:34 WARN  Running javac-semanticdb failed for file:///mnt/c/Users/Vivobook%20Pro/Documents/HEIG-VD/TB/travail_de_bachelor/project/play-java-seed/app/model/entities/unit/InstanceUnit.java. Output:
[0m
2026.07.06 08:24:33 INFO  no build target found for /mnt/c/Users/Vivobook Pro/Documents/HEIG-VD/TB/travail_de_bachelor/project/play-java-seed/app/model/entities/unit/InstanceUnit.java. Using fallback presentation compiler.[0m
2026.07.06 08:24:34 INFO  no build target found for /mnt/c/Users/Vivobook Pro/Documents/HEIG-VD/TB/travail_de_bachelor/project/play-java-seed/app/model/entities/unit/InstanceUnit.java. Using fallback presentation compiler.[0m
2026.07.06 08:24:34 INFO  no build target found for /mnt/c/Users/Vivobook Pro/Documents/HEIG-VD/TB/travail_de_bachelor/project/play-java-seed/app/model/entities/unit/InstanceUnit.java. Using fallback presentation compiler.[0m
2026.07.06 08:24:34 INFO  no build target found for /mnt/c/Users/Vivobook Pro/Documents/HEIG-VD/TB/travail_de_bachelor/project/play-java-seed/app/model/entities/unit/InstanceUnit.java. Using fallback presentation compiler.[0m
2026.07.06 08:24:34 INFO  no build target found for /mnt/c/Users/Vivobook Pro/Documents/HEIG-VD/TB/travail_de_bachelor/project/play-java-seed/app/model/entities/unit/InstanceUnit.java. Using fallback presentation compiler.[0m
2026.07.06 08:24:34 INFO  no build target found for /mnt/c/Users/Vivobook Pro/Documents/HEIG-VD/TB/travail_de_bachelor/project/play-java-seed/app/model/entities/unit/InstanceUnit.java. Using fallback presentation compiler.[0m
2026.07.06 08:24:34 INFO  no build target found for /mnt/c/Users/Vivobook Pro/Documents/HEIG-VD/TB/travail_de_bachelor/project/play-java-seed/app/model/entities/unit/InstanceUnit.java. Using fallback presentation compiler.[0m
2026.07.06 08:24:34 INFO  no build target found for /mnt/c/Users/Vivobook Pro/Documents/HEIG-VD/TB/travail_de_bachelor/project/play-java-seed/app/model/entities/unit/InstanceUnit.java. Using fallback presentation compiler.[0m
2026.07.06 08:24:34 WARN  Running javac-semanticdb failed for file:///mnt/c/Users/Vivobook%20Pro/Documents/HEIG-VD/TB/travail_de_bachelor/project/play-java-seed/app/model/entities/unit/InstanceUnit.java. Output:
[0m
2026.07.06 08:24:34 INFO  no build target found for /mnt/c/Users/Vivobook Pro/Documents/HEIG-VD/TB/travail_de_bachelor/project/play-java-seed/app/model/entities/unit/InstanceUnit.java. Using fallback presentation compiler.[0m
2026.07.06 08:24:35 INFO  no build target found for /mnt/c/Users/Vivobook Pro/Documents/HEIG-VD/TB/travail_de_bachelor/project/play-java-seed/app/model/entities/unit/InstanceUnit.java. Using fallback presentation compiler.[0m
2026.07.06 08:24:35 WARN  no build target for: /mnt/c/Users/Vivobook Pro/Documents/HEIG-VD/TB/travail_de_bachelor/project/play-java-seed/app/model/entities/unit/InstanceUnit.java[0m
2026.07.06 08:24:35 INFO  no build target found for /mnt/c/Users/Vivobook Pro/Documents/HEIG-VD/TB/travail_de_bachelor/project/play-java-seed/app/model/entities/unit/InstanceUnit.java. Using fallback presentation compiler.[0m
2026.07.06 08:24:36 INFO  no build target found for /mnt/c/Users/Vivobook Pro/Documents/HEIG-VD/TB/travail_de_bachelor/project/play-java-seed/app/model/entities/unit/InstanceUnit.java. Using fallback presentation compiler.[0m
2026.07.06 08:24:37 INFO  no build target found for /mnt/c/Users/Vivobook Pro/Documents/HEIG-VD/TB/travail_de_bachelor/project/play-java-seed/app/model/entities/unit/InstanceUnit.java. Using fallback presentation compiler.[0m
2026.07.06 08:24:37 INFO  no build target found for /mnt/c/Users/Vivobook Pro/Documents/HEIG-VD/TB/travail_de_bachelor/project/play-java-seed/app/model/entities/unit/InstanceUnit.java. Using fallback presentation compiler.[0m
2026.07.06 08:24:37 INFO  no build target found for /mnt/c/Users/Vivobook Pro/Documents/HEIG-VD/TB/travail_de_bachelor/project/play-java-seed/app/model/entities/unit/InstanceUnit.java. Using fallback presentation compiler.[0m
2026.07.06 08:24:38 INFO  no build target found for /mnt/c/Users/Vivobook Pro/Documents/HEIG-VD/TB/travail_de_bachelor/project/play-java-seed/app/model/entities/unit/InstanceUnit.java. Using fallback presentation compiler.[0m
2026.07.06 08:24:37 INFO  no build target found for /mnt/c/Users/Vivobook Pro/Documents/HEIG-VD/TB/travail_de_bachelor/project/play-java-seed/app/model/entities/unit/InstanceUnit.java. Using fallback presentation compiler.[0m
2026.07.06 08:24:38 WARN  Running javac-semanticdb failed for file:///mnt/c/Users/Vivobook%20Pro/Documents/HEIG-VD/TB/travail_de_bachelor/project/play-java-seed/app/model/entities/unit/InstanceUnit.java. Output:
[0m
2026.07.06 08:24:37 INFO  no build target found for /mnt/c/Users/Vivobook Pro/Documents/HEIG-VD/TB/travail_de_bachelor/project/play-java-seed/app/model/entities/unit/InstanceUnit.java. Using fallback presentation compiler.[0m
2026.07.06 08:24:37 INFO  no build target found for /mnt/c/Users/Vivobook Pro/Documents/HEIG-VD/TB/travail_de_bachelor/project/play-java-seed/app/model/entities/unit/InstanceUnit.java. Using fallback presentation compiler.[0m
2026.07.06 08:24:38 WARN  Running javac-semanticdb failed for file:///mnt/c/Users/Vivobook%20Pro/Documents/HEIG-VD/TB/travail_de_bachelor/project/play-java-seed/app/model/entities/unit/InstanceUnit.java. Output:
[0m
2026.07.06 08:24:38 INFO  no build target found for /mnt/c/Users/Vivobook Pro/Documents/HEIG-VD/TB/travail_de_bachelor/project/play-java-seed/app/model/entities/unit/InstanceUnit.java. Using fallback presentation compiler.[0m
2026.07.06 08:24:37 INFO  no build target found for /mnt/c/Users/Vivobook Pro/Documents/HEIG-VD/TB/travail_de_bachelor/project/play-java-seed/app/model/entities/unit/InstanceUnit.java. Using fallback presentation compiler.[0m
2026.07.06 08:24:39 INFO  no build target found for /mnt/c/Users/Vivobook Pro/Documents/HEIG-VD/TB/travail_de_bachelor/project/play-java-seed/app/model/entities/unit/InstanceUnit.java. Using fallback presentation compiler.[0m
2026.07.06 08:24:39 WARN  no build target for: /mnt/c/Users/Vivobook Pro/Documents/HEIG-VD/TB/travail_de_bachelor/project/play-java-seed/app/model/entities/unit/InstanceUnit.java[0m
2026.07.06 08:24:39 INFO  QDox parse error in file:///mnt/c/Users/Vivobook%20Pro/Documents/HEIG-VD/TB/travail_de_bachelor/project/play-java-seed/app/model/entities/unit/InstanceUnit.java (full report at: "/mnt/c/Users/Vivobook Pro/Documents/HEIG-VD/TB/travail_de_bachelor/project/play-java-seed/.metals/.reports/metals-full/2026-07-06/r_qdox-error_08-24-30-267.md")[0m
2026.07.06 08:24:39 INFO  no build target found for /mnt/c/Users/Vivobook Pro/Documents/HEIG-VD/TB/travail_de_bachelor/project/play-java-seed/app/model/entities/unit/InstanceUnit.java. Using fallback presentation compiler.[0m
2026.07.06 08:24:40 INFO  no build target found for /mnt/c/Users/Vivobook Pro/Documents/HEIG-VD/TB/travail_de_bachelor/project/play-java-seed/app/model/entities/unit/InstanceUnit.java. Using fallback presentation compiler.[0m
2026.07.06 08:24:44 INFO  no build target found for /mnt/c/Users/Vivobook Pro/Documents/HEIG-VD/TB/travail_de_bachelor/project/play-java-seed/app/model/entities/unit/InstanceUnit.java. Using fallback presentation compiler.[0m
2026.07.06 08:24:44 INFO  no build target found for /mnt/c/Users/Vivobook Pro/Documents/HEIG-VD/TB/travail_de_bachelor/project/play-java-seed/app/model/entities/unit/InstanceUnit.java. Using fallback presentation compiler.[0m
2026.07.06 08:24:44 INFO  no build target found for /mnt/c/Users/Vivobook Pro/Documents/HEIG-VD/TB/travail_de_bachelor/project/play-java-seed/app/model/entities/unit/InstanceUnit.java. Using fallback presentation compiler.[0m
2026.07.06 08:24:44 INFO  no build target found for /mnt/c/Users/Vivobook Pro/Documents/HEIG-VD/TB/travail_de_bachelor/project/play-java-seed/app/model/entities/unit/InstanceUnit.java. Using fallback presentation compiler.[0m
2026.07.06 08:24:44 INFO  no build target found for /mnt/c/Users/Vivobook Pro/Documents/HEIG-VD/TB/travail_de_bachelor/project/play-java-seed/app/model/entities/unit/InstanceUnit.java. Using fallback presentation compiler.[0m
2026.07.06 08:24:44 INFO  no build target found for /mnt/c/Users/Vivobook Pro/Documents/HEIG-VD/TB/travail_de_bachelor/project/play-java-seed/app/model/entities/unit/InstanceUnit.java. Using fallback presentation compiler.[0m
2026.07.06 08:24:44 INFO  no build target found for /mnt/c/Users/Vivobook Pro/Documents/HEIG-VD/TB/travail_de_bachelor/project/play-java-seed/app/model/entities/unit/InstanceUnit.java. Using fallback presentation compiler.[0m
2026.07.06 08:24:45 INFO  no build target found for /mnt/c/Users/Vivobook Pro/Documents/HEIG-VD/TB/travail_de_bachelor/project/play-java-seed/app/model/entities/unit/InstanceUnit.java. Using fallback presentation compiler.[0m
2026.07.06 08:24:44 INFO  no build target found for /mnt/c/Users/Vivobook Pro/Documents/HEIG-VD/TB/travail_de_bachelor/project/play-java-seed/app/model/entities/unit/InstanceUnit.java. Using fallback presentation compiler.[0m
2026.07.06 08:24:45 WARN  Running javac-semanticdb failed for file:///mnt/c/Users/Vivobook%20Pro/Documents/HEIG-VD/TB/travail_de_bachelor/project/play-java-seed/app/model/entities/unit/InstanceUnit.java. Output:
[0m
2026.07.06 08:24:45 INFO  no build target found for /mnt/c/Users/Vivobook Pro/Documents/HEIG-VD/TB/travail_de_bachelor/project/play-java-seed/app/model/entities/unit/InstanceUnit.java. Using fallback presentation compiler.[0m
2026.07.06 08:24:45 INFO  no build target found for /mnt/c/Users/Vivobook Pro/Documents/HEIG-VD/TB/travail_de_bachelor/project/play-java-seed/app/model/entities/unit/InstanceUnit.java. Using fallback presentation compiler.[0m
2026.07.06 08:24:45 INFO  no build target found for /mnt/c/Users/Vivobook Pro/Documents/HEIG-VD/TB/travail_de_bachelor/project/play-java-seed/app/model/entities/unit/InstanceUnit.java. Using fallback presentation compiler.[0m
2026.07.06 08:24:45 INFO  no build target found for /mnt/c/Users/Vivobook Pro/Documents/HEIG-VD/TB/travail_de_bachelor/project/play-java-seed/app/model/entities/unit/InstanceUnit.java. Using fallback presentation compiler.[0m
2026.07.06 08:24:45 INFO  no build target found for /mnt/c/Users/Vivobook Pro/Documents/HEIG-VD/TB/travail_de_bachelor/project/play-java-seed/app/model/entities/unit/InstanceUnit.java. Using fallback presentation compiler.[0m
2026.07.06 08:24:45 INFO  no build target found for /mnt/c/Users/Vivobook Pro/Documents/HEIG-VD/TB/travail_de_bachelor/project/play-java-seed/app/model/entities/unit/InstanceUnit.java. Using fallback presentation compiler.[0m
2026.07.06 08:24:45 WARN  Running javac-semanticdb failed for file:///mnt/c/Users/Vivobook%20Pro/Documents/HEIG-VD/TB/travail_de_bachelor/project/play-java-seed/app/model/entities/unit/InstanceUnit.java. Output:
[0m
2026.07.06 08:24:46 INFO  no build target found for /mnt/c/Users/Vivobook Pro/Documents/HEIG-VD/TB/travail_de_bachelor/project/play-java-seed/app/model/entities/unit/InstanceUnit.java. Using fallback presentation compiler.[0m
2026.07.06 08:24:46 INFO  no build target found for /mnt/c/Users/Vivobook Pro/Documents/HEIG-VD/TB/travail_de_bachelor/project/play-java-seed/app/model/entities/unit/InstanceUnit.java. Using fallback presentation compiler.[0m
2026.07.06 08:24:46 WARN  no build target for: /mnt/c/Users/Vivobook Pro/Documents/HEIG-VD/TB/travail_de_bachelor/project/play-java-seed/app/model/entities/unit/InstanceUnit.java[0m
2026.07.06 08:24:46 INFO  no build target found for /mnt/c/Users/Vivobook Pro/Documents/HEIG-VD/TB/travail_de_bachelor/project/play-java-seed/app/model/entities/unit/InstanceUnit.java. Using fallback presentation compiler.[0m
2026.07.06 08:24:46 INFO  no build target found for /mnt/c/Users/Vivobook Pro/Documents/HEIG-VD/TB/travail_de_bachelor/project/play-java-seed/app/model/entities/unit/InstanceUnit.java. Using fallback presentation compiler.[0m
2026.07.06 08:24:46 INFO  no build target found for /mnt/c/Users/Vivobook Pro/Documents/HEIG-VD/TB/travail_de_bachelor/project/play-java-seed/app/model/entities/unit/InstanceUnit.java. Using fallback presentation compiler.[0m
2026.07.06 08:24:47 INFO  no build target found for /mnt/c/Users/Vivobook Pro/Documents/HEIG-VD/TB/travail_de_bachelor/project/play-java-seed/app/model/entities/unit/InstanceUnit.java. Using fallback presentation compiler.[0m
2026.07.06 08:24:47 WARN  Running javac-semanticdb failed for file:///mnt/c/Users/Vivobook%20Pro/Documents/HEIG-VD/TB/travail_de_bachelor/project/play-java-seed/app/model/entities/unit/InstanceUnit.java. Output:
[0m
2026.07.06 08:24:47 INFO  no build target found for /mnt/c/Users/Vivobook Pro/Documents/HEIG-VD/TB/travail_de_bachelor/project/play-java-seed/app/model/entities/unit/InstanceUnit.java. Using fallback presentation compiler.[0m
2026.07.06 08:24:47 INFO  no build target found for /mnt/c/Users/Vivobook Pro/Documents/HEIG-VD/TB/travail_de_bachelor/project/play-java-seed/app/model/entities/unit/InstanceUnit.java. Using fallback presentation compiler.[0m
2026.07.06 08:24:48 WARN  no build target for: /mnt/c/Users/Vivobook Pro/Documents/HEIG-VD/TB/travail_de_bachelor/project/play-java-seed/app/model/entities/unit/InstanceUnit.java[0m
2026.07.06 08:24:48 INFO  no build target found for /mnt/c/Users/Vivobook Pro/Documents/HEIG-VD/TB/travail_de_bachelor/project/play-java-seed/app/model/entities/unit/InstanceUnit.java. Using fallback presentation compiler.[0m
2026.07.06 08:24:49 INFO  no build target found for /mnt/c/Users/Vivobook Pro/Documents/HEIG-VD/TB/travail_de_bachelor/project/play-java-seed/app/model/entities/unit/InstanceUnit.java. Using fallback presentation compiler.[0m
2026.07.06 08:25:12 INFO  no build target found for /mnt/c/Users/Vivobook Pro/Documents/HEIG-VD/TB/travail_de_bachelor/project/play-java-seed/app/model/entities/unit/InstanceUnit.java. Using fallback presentation compiler.[0m
2026.07.06 08:25:12 INFO  no build target found for /mnt/c/Users/Vivobook Pro/Documents/HEIG-VD/TB/travail_de_bachelor/project/play-java-seed/app/model/entities/unit/InstanceUnit.java. Using fallback presentation compiler.[0m
2026.07.06 08:25:12 WARN  Running javac-semanticdb failed for file:///mnt/c/Users/Vivobook%20Pro/Documents/HEIG-VD/TB/travail_de_bachelor/project/play-java-seed/app/model/entities/unit/InstanceUnit.java. Output:
[0m
2026.07.06 08:25:12 INFO  no build target found for /mnt/c/Users/Vivobook Pro/Documents/HEIG-VD/TB/travail_de_bachelor/project/play-java-seed/app/model/entities/unit/InstanceUnit.java. Using fallback presentation compiler.[0m
2026.07.06 08:25:13 INFO  no build target found for /mnt/c/Users/Vivobook Pro/Documents/HEIG-VD/TB/travail_de_bachelor/project/play-java-seed/app/model/entities/unit/InstanceUnit.java. Using fallback presentation compiler.[0m
2026.07.06 08:25:18 INFO  no build target found for /mnt/c/Users/Vivobook Pro/Documents/HEIG-VD/TB/travail_de_bachelor/project/play-java-seed/app/model/entities/unit/InstanceUnit.java. Using fallback presentation compiler.[0m
2026.07.06 08:25:18 INFO  no build target found for /mnt/c/Users/Vivobook Pro/Documents/HEIG-VD/TB/travail_de_bachelor/project/play-java-seed/app/model/entities/unit/InstanceUnit.java. Using fallback presentation compiler.[0m
2026.07.06 08:25:18 INFO  no build target found for /mnt/c/Users/Vivobook Pro/Documents/HEIG-VD/TB/travail_de_bachelor/project/play-java-seed/app/model/entities/unit/InstanceUnit.java. Using fallback presentation compiler.[0m
2026.07.06 08:25:20 INFO  no build target found for /mnt/c/Users/Vivobook Pro/Documents/HEIG-VD/TB/travail_de_bachelor/project/play-java-seed/app/model/entities/unit/InstanceUnit.java. Using fallback presentation compiler.[0m
2026.07.06 08:25:20 INFO  no build target found for /mnt/c/Users/Vivobook Pro/Documents/HEIG-VD/TB/travail_de_bachelor/project/play-java-seed/app/model/entities/unit/InstanceUnit.java. Using fallback presentation compiler.[0m
2026.07.06 08:25:20 INFO  no build target found for /mnt/c/Users/Vivobook Pro/Documents/HEIG-VD/TB/travail_de_bachelor/project/play-java-seed/app/model/entities/unit/InstanceUnit.java. Using fallback presentation compiler.[0m
2026.07.06 08:25:20 INFO  no build target found for /mnt/c/Users/Vivobook Pro/Documents/HEIG-VD/TB/travail_de_bachelor/project/play-java-seed/app/model/entities/unit/InstanceUnit.java. Using fallback presentation compiler.[0m
2026.07.06 08:25:20 WARN  Running javac-semanticdb failed for file:///mnt/c/Users/Vivobook%20Pro/Documents/HEIG-VD/TB/travail_de_bachelor/project/play-java-seed/app/model/entities/unit/InstanceUnit.java. Output:
[0m
2026.07.06 08:25:20 INFO  no build target found for /mnt/c/Users/Vivobook Pro/Documents/HEIG-VD/TB/travail_de_bachelor/project/play-java-seed/app/model/entities/unit/InstanceUnit.java. Using fallback presentation compiler.[0m
2026.07.06 08:25:21 WARN  no build target for: /mnt/c/Users/Vivobook Pro/Documents/HEIG-VD/TB/travail_de_bachelor/project/play-java-seed/app/model/entities/unit/InstanceUnit.java[0m
2026.07.06 08:25:21 INFO  no build target found for /mnt/c/Users/Vivobook Pro/Documents/HEIG-VD/TB/travail_de_bachelor/project/play-java-seed/app/model/entities/unit/InstanceUnit.java. Using fallback presentation compiler.[0m
2026.07.06 08:25:22 INFO  no build target found for /mnt/c/Users/Vivobook Pro/Documents/HEIG-VD/TB/travail_de_bachelor/project/play-java-seed/app/model/entities/unit/InstanceUnit.java. Using fallback presentation compiler.[0m
2026.07.06 08:25:22 INFO  no build target found for /mnt/c/Users/Vivobook Pro/Documents/HEIG-VD/TB/travail_de_bachelor/project/play-java-seed/app/model/entities/unit/InstanceUnit.java. Using fallback presentation compiler.[0m
2026.07.06 08:25:22 INFO  no build target found for /mnt/c/Users/Vivobook Pro/Documents/HEIG-VD/TB/travail_de_bachelor/project/play-java-seed/app/model/entities/unit/InstanceUnit.java. Using fallback presentation compiler.[0m
2026.07.06 08:25:22 INFO  no build target found for /mnt/c/Users/Vivobook Pro/Documents/HEIG-VD/TB/travail_de_bachelor/project/play-java-seed/app/model/entities/unit/InstanceUnit.java. Using fallback presentation compiler.[0m
2026.07.06 08:25:23 WARN  Running javac-semanticdb failed for file:///mnt/c/Users/Vivobook%20Pro/Documents/HEIG-VD/TB/travail_de_bachelor/project/play-java-seed/app/model/entities/unit/InstanceUnit.java. Output:
[0m
2026.07.06 08:25:23 INFO  no build target found for /mnt/c/Users/Vivobook Pro/Documents/HEIG-VD/TB/travail_de_bachelor/project/play-java-seed/app/model/entities/unit/InstanceUnit.java. Using fallback presentation compiler.[0m
2026.07.06 08:25:23 INFO  no build target found for /mnt/c/Users/Vivobook Pro/Documents/HEIG-VD/TB/travail_de_bachelor/project/play-java-seed/app/model/entities/unit/InstanceUnit.java. Using fallback presentation compiler.[0m
2026.07.06 08:25:23 INFO  no build target found for /mnt/c/Users/Vivobook Pro/Documents/HEIG-VD/TB/travail_de_bachelor/project/play-java-seed/app/model/entities/unit/InstanceUnit.java. Using fallback presentation compiler.[0m
2026.07.06 08:25:23 INFO  no build target found for /mnt/c/Users/Vivobook Pro/Documents/HEIG-VD/TB/travail_de_bachelor/project/play-java-seed/app/model/entities/unit/InstanceUnit.java. Using fallback presentation compiler.[0m
2026.07.06 08:25:23 INFO  no build target found for /mnt/c/Users/Vivobook Pro/Documents/HEIG-VD/TB/travail_de_bachelor/project/play-java-seed/app/model/entities/unit/InstanceUnit.java. Using fallback presentation compiler.[0m
2026.07.06 08:25:24 WARN  Running javac-semanticdb failed for file:///mnt/c/Users/Vivobook%20Pro/Documents/HEIG-VD/TB/travail_de_bachelor/project/play-java-seed/app/model/entities/unit/InstanceUnit.java. Output:
[0m
2026.07.06 08:25:24 INFO  no build target found for /mnt/c/Users/Vivobook Pro/Documents/HEIG-VD/TB/travail_de_bachelor/project/play-java-seed/app/model/entities/unit/InstanceUnit.java. Using fallback presentation compiler.[0m
2026.07.06 08:25:23 INFO  no build target found for /mnt/c/Users/Vivobook Pro/Documents/HEIG-VD/TB/travail_de_bachelor/project/play-java-seed/app/model/entities/unit/InstanceUnit.java. Using fallback presentation compiler.[0m
2026.07.06 08:25:23 INFO  no build target found for /mnt/c/Users/Vivobook Pro/Documents/HEIG-VD/TB/travail_de_bachelor/project/play-java-seed/app/model/entities/unit/InstanceUnit.java. Using fallback presentation compiler.[0m
2026.07.06 08:25:24 INFO  no build target found for /mnt/c/Users/Vivobook Pro/Documents/HEIG-VD/TB/travail_de_bachelor/project/play-java-seed/app/model/entities/unit/InstanceUnit.java. Using fallback presentation compiler.[0m
2026.07.06 08:25:24 INFO  no build target found for /mnt/c/Users/Vivobook Pro/Documents/HEIG-VD/TB/travail_de_bachelor/project/play-java-seed/app/model/entities/unit/InstanceUnit.java. Using fallback presentation compiler.[0m
2026.07.06 08:25:24 WARN  Running javac-semanticdb failed for file:///mnt/c/Users/Vivobook%20Pro/Documents/HEIG-VD/TB/travail_de_bachelor/project/play-java-seed/app/model/entities/unit/InstanceUnit.java. Output:
[0m
2026.07.06 08:25:24 INFO  no build target found for /mnt/c/Users/Vivobook Pro/Documents/HEIG-VD/TB/travail_de_bachelor/project/play-java-seed/app/model/entities/unit/InstanceUnit.java. Using fallback presentation compiler.[0m
2026.07.06 08:25:24 INFO  no build target found for /mnt/c/Users/Vivobook Pro/Documents/HEIG-VD/TB/travail_de_bachelor/project/play-java-seed/app/model/entities/unit/InstanceUnit.java. Using fallback presentation compiler.[0m
2026.07.06 08:25:24 WARN  Running javac-semanticdb failed for file:///mnt/c/Users/Vivobook%20Pro/Documents/HEIG-VD/TB/travail_de_bachelor/project/play-java-seed/app/model/entities/unit/InstanceUnit.java. Output:
[0m
2026.07.06 08:25:24 INFO  no build target found for /mnt/c/Users/Vivobook Pro/Documents/HEIG-VD/TB/travail_de_bachelor/project/play-java-seed/app/model/entities/unit/InstanceUnit.java. Using fallback presentation compiler.[0m
2026.07.06 08:25:24 INFO  no build target found for /mnt/c/Users/Vivobook Pro/Documents/HEIG-VD/TB/travail_de_bachelor/project/play-java-seed/app/model/entities/unit/InstanceUnit.java. Using fallback presentation compiler.[0m
2026.07.06 08:25:25 WARN  no build target for: /mnt/c/Users/Vivobook Pro/Documents/HEIG-VD/TB/travail_de_bachelor/project/play-java-seed/app/model/entities/unit/InstanceUnit.java[0m
2026.07.06 08:25:25 INFO  no build target found for /mnt/c/Users/Vivobook Pro/Documents/HEIG-VD/TB/travail_de_bachelor/project/play-java-seed/app/model/entities/unit/InstanceUnit.java. Using fallback presentation compiler.[0m
2026.07.06 08:25:26 INFO  no build target found for /mnt/c/Users/Vivobook Pro/Documents/HEIG-VD/TB/travail_de_bachelor/project/play-java-seed/app/model/entities/unit/InstanceUnit.java. Using fallback presentation compiler.[0m
2026.07.06 08:25:39 INFO  no build target found for /mnt/c/Users/Vivobook Pro/Documents/HEIG-VD/TB/travail_de_bachelor/project/play-java-seed/app/model/entities/unit/InstanceUnit.java. Using fallback presentation compiler.[0m
2026.07.06 08:25:39 INFO  no build target found for /mnt/c/Users/Vivobook Pro/Documents/HEIG-VD/TB/travail_de_bachelor/project/play-java-seed/app/model/entities/unit/Object.java. Using fallback presentation compiler.[0m
2026.07.06 08:25:40 WARN  no build target for: /mnt/c/Users/Vivobook Pro/Documents/HEIG-VD/TB/travail_de_bachelor/project/play-java-seed/app/model/entities/unit/Object.java[0m
Jul 06, 2026 8:25:40 AM org.eclipse.lsp4j.jsonrpc.RemoteEndpoint handleCancellation
WARNING: Unmatched cancel notification for request id 1472
2026.07.06 08:25:39 INFO  no build target found for /mnt/c/Users/Vivobook Pro/Documents/HEIG-VD/TB/travail_de_bachelor/project/play-java-seed/app/model/entities/unit/Object.java. Using fallback presentation compiler.[0m
2026.07.06 08:25:400 AM org.eclipse.lsp4j.jsonrpc.RemoteEndpoint handleCancellation
WARNING: Unmatched cancel notification for request id 1475
 INFO  no build target found for /mnt/c/Users/Vivobook Pro/Documents/HEIG-VD/TB/travail_de_bachelor/project/play-java-seed/app/model/entities/unit/Object.java. Using fallback presentation compiler.[0m
2026.07.06 08:25:40 INFO  no build target found for /mnt/c/Users/Vivobook Pro/Documents/HEIG-VD/TB/travail_de_bachelor/project/play-java-seed/app/model/entities/unit/Object.java. Using fallback presentation compiler.[0m
2026.07.06 08:25:40 INFO  no build target found for /mnt/c/Users/Vivobook Pro/Documents/HEIG-VD/TB/travail_de_bachelor/project/play-java-seed/app/model/entities/unit/Object.java. Using fallback presentation compiler.[0m
2026.07.06 08:25:43 INFO  no build target found for /mnt/c/Users/Vivobook Pro/Documents/HEIG-VD/TB/travail_de_bachelor/project/play-java-seed/app/model/entities/unit/Object.java. Using fallback presentation compiler.[0m
2026.07.06 08:25:45 INFO  no build target found for /mnt/c/Users/Vivobook Pro/Documents/HEIG-VD/TB/travail_de_bachelor/project/play-java-seed/app/model/entities/unit/Object.java. Using fallback presentation compiler.[0m
2026.07.06 08:25:45 INFO  no build target found for /mnt/c/Users/Vivobook Pro/Documents/HEIG-VD/TB/travail_de_bachelor/project/play-java-seed/app/model/entities/unit/Object.java. Using fallback presentation compiler.[0m
2026.07.06 08:25:45 INFO  no build target found for /mnt/c/Users/Vivobook Pro/Documents/HEIG-VD/TB/travail_de_bachelor/project/play-java-seed/app/model/entities/unit/Object.java. Using fallback presentation compiler.[0m
2026.07.06 08:25:49 INFO  no build target found for /mnt/c/Users/Vivobook Pro/Documents/HEIG-VD/TB/travail_de_bachelor/project/play-java-seed/app/model/entities/unit/Object.java. Using fallback presentation compiler.[0m
2026.07.06 08:25:49 INFO  no build target found for /mnt/c/Users/Vivobook Pro/Documents/HEIG-VD/TB/travail_de_bachelor/project/play-java-seed/app/model/entities/unit/Object.java. Using fallback presentation compiler.[0m
2026.07.06 08:25:49 INFO  no build target found for /mnt/c/Users/Vivobook Pro/Documents/HEIG-VD/TB/travail_de_bachelor/project/play-java-seed/app/model/entities/unit/Object.java. Using fallback presentation compiler.[0m
2026.07.06 08:25:49 INFO  no build target found for /mnt/c/Users/Vivobook Pro/Documents/HEIG-VD/TB/travail_de_bachelor/project/play-java-seed/app/model/entities/unit/Object.java. Using fallback presentation compiler.[0m
2026.07.06 08:25:52 INFO  no build target found for /mnt/c/Users/Vivobook Pro/Documents/HEIG-VD/TB/travail_de_bachelor/project/play-java-seed/app/model/entities/unit/Object.java. Using fallback presentation compiler.[0m
2026.07.06 08:25:56 INFO  no build target found for /mnt/c/Users/Vivobook Pro/Documents/HEIG-VD/TB/travail_de_bachelor/project/play-java-seed/app/model/entities/unit/Object.java. Using fallback presentation compiler.[0m
2026.07.06 08:26:23 INFO  no build target found for /mnt/c/Users/Vivobook Pro/Documents/HEIG-VD/TB/travail_de_bachelor/project/play-java-seed/app/model/entities/unit/Object.java. Using fallback presentation compiler.[0m
2026.07.06 08:26:25 INFO  no build target found for /mnt/c/Users/Vivobook Pro/Documents/HEIG-VD/TB/travail_de_bachelor/project/play-java-seed/app/model/entities/unit/Object.java. Using fallback presentation compiler.[0m
2026.07.06 08:26:25 INFO  no build target found for /mnt/c/Users/Vivobook Pro/Documents/HEIG-VD/TB/travail_de_bachelor/project/play-java-seed/app/model/entities/unit/Object.java. Using fallback presentation compiler.[0m
2026.07.06 08:26:49 INFO  no build target found for /mnt/c/Users/Vivobook Pro/Documents/HEIG-VD/TB/travail_de_bachelor/project/play-java-seed/app/model/entities/unit/Strategie.java. Using fallback presentation compiler.[0m
2026.07.06 08:26:49 WARN  no build target for: /mnt/c/Users/Vivobook Pro/Documents/HEIG-VD/TB/travail_de_bachelor/project/play-java-seed/app/model/entities/unit/Strategie.java[0m
2026.07.06 08:26:49 INFO  no build target found for /mnt/c/Users/Vivobook Pro/Documents/HEIG-VD/TB/travail_de_bachelor/project/play-java-seed/app/model/entities/unit/Strategie.java. Using fallback presentation compiler.[0m
2026.07.06 08:26:499 AM org.eclipse.lsp4j.jsonrpc.RemoteEndpoint handleCancellation
WARNING: Unmatched cancel notification for request id 1506
 INFO  no build target found for /mnt/c/Users/Vivobook Pro/Documents/HEIG-VD/TB/travail_de_bachelor/project/play-java-seed/app/model/entities/unit/Strategie.java. Using fallback presentation compiler.[0m
2026.07.06 08:26:49 INFO  no build target found for /mnt/c/Users/Vivobook Pro/Documents/HEIG-VD/TB/travail_de_bachelor/project/play-java-seed/app/model/entities/unit/Strategie.java. Using fallback presentation compiler.[0m
2026.07.06 08:26:49 INFO  no build target found for /mnt/c/Users/Vivobook Pro/Documents/HEIG-VD/TB/travail_de_bachelor/project/play-java-seed/app/model/entities/unit/Strategie.java. Using fallback presentation compiler.[0m
2026.07.06 08:27:02 INFO  no build target found for /mnt/c/Users/Vivobook Pro/Documents/HEIG-VD/TB/travail_de_bachelor/project/play-java-seed/app/model/entities/unit/Strategie.java. Using fallback presentation compiler.[0m
2026.07.06 08:27:02 INFO  no build target found for /mnt/c/Users/Vivobook Pro/Documents/HEIG-VD/TB/travail_de_bachelor/project/play-java-seed/app/model/entities/unit/Strategie.java. Using fallback presentation compiler.[0m
2026.07.06 08:28:57 INFO  no build target found for /mnt/c/Users/Vivobook Pro/Documents/HEIG-VD/TB/travail_de_bachelor/project/play-java-seed/app/model/entities/unit/Strategie.java. Using fallback presentation compiler.[0m
2026.07.06 08:28:59 INFO  no build target found for /mnt/c/Users/Vivobook Pro/Documents/HEIG-VD/TB/travail_de_bachelor/project/play-java-seed/app/model/entities/unit/Strategie.java. Using fallback presentation compiler.[0m
2026.07.06 08:28:59 INFO  no build target found for /mnt/c/Users/Vivobook Pro/Documents/HEIG-VD/TB/travail_de_bachelor/project/play-java-seed/app/model/entities/unit/AbilityFragment.java. Using fallback presentation compiler.[0m
2026.07.06 08:29:00 WARN  no build target for: /mnt/c/Users/Vivobook Pro/Documents/HEIG-VD/TB/travail_de_bachelor/project/play-java-seed/app/model/entities/unit/AbilityFragment.java[0m
2026.07.06 08:28:59 INFO  no build target found for /mnt/c/Users/Vivobook Pro/Documents/HEIG-VD/TB/travail_de_bachelor/project/play-java-seed/app/model/entities/unit/AbilityFragment.java. Using fallback presentation compiler.[0m
2026.07.06 08:29:00 INFO  no build target found for /mnt/c/Users/Vivobook Pro/Documents/HEIG-VD/TB/travail_de_bachelor/project/play-java-seed/app/model/entities/unit/AbilityFragment.java. Using fallback presentation compiler.[0m
2026.07.06 08:28:59 INFO  no build target found for /mnt/c/Users/Vivobook Pro/Documents/HEIG-VD/TB/travail_de_bachelor/project/play-java-seed/app/model/entities/unit/AbilityFragment.java. Using fallback presentation compiler.[0m
2026.07.06 08:29:00 INFO  no build target found for /mnt/c/Users/Vivobook Pro/Documents/HEIG-VD/TB/travail_de_bachelor/project/play-java-seed/app/model/entities/unit/AbilityFragment.java. Using fallback presentation compiler.[0m
2026.07.06 08:30:14 INFO  no build target found for /mnt/c/Users/Vivobook Pro/Documents/HEIG-VD/TB/travail_de_bachelor/project/play-java-seed/app/model/entities/unit/AbilityFragment.java. Using fallback presentation compiler.[0m
2026.07.06 08:30:16 INFO  no build target found for /mnt/c/Users/Vivobook Pro/Documents/HEIG-VD/TB/travail_de_bachelor/project/play-java-seed/app/model/entities/unit/AbilityFragment.java. Using fallback presentation compiler.[0m
2026.07.06 08:30:16 INFO  no build target found for /mnt/c/Users/Vivobook Pro/Documents/HEIG-VD/TB/travail_de_bachelor/project/play-java-seed/app/model/entities/unit/StrategieType.java. Using fallback presentation compiler.[0m
2026.07.06 08:30:17 WARN  no build target for: /mnt/c/Users/Vivobook Pro/Documents/HEIG-VD/TB/travail_de_bachelor/project/play-java-seed/app/model/entities/unit/StrategieType.java[0m
2026.07.06 08:30:16 INFO  no build target found for /mnt/c/Users/Vivobook Pro/Documents/HEIG-VD/TB/travail_de_bachelor/project/play-java-seed/app/model/entities/unit/StrategieType.java. Using fallback presentation compiler.[0m
2026.07.06 08:30:17 INFO  no build target found for /mnt/c/Users/Vivobook Pro/Documents/HEIG-VD/TB/travail_de_bachelor/project/play-java-seed/app/model/entities/unit/StrategieType.java. Using fallback presentation compiler.[0m
2026.07.06 08:30:26 INFO  no build target found for /mnt/c/Users/Vivobook Pro/Documents/HEIG-VD/TB/travail_de_bachelor/project/play-java-seed/app/model/entities/PoolRarity.java. Using fallback presentation compiler.[0m
2026.07.06 08:30:26 WARN  no build target for: /mnt/c/Users/Vivobook Pro/Documents/HEIG-VD/TB/travail_de_bachelor/project/play-java-seed/app/model/entities/PoolRarity.java[0m
2026.07.06 08:30:26 INFO  no build target found for /mnt/c/Users/Vivobook Pro/Documents/HEIG-VD/TB/travail_de_bachelor/project/play-java-seed/app/model/entities/PoolRarity.java. Using fallback presentation compiler.[0m
2026.07.06 08:30:26 INFO  no build target found for /mnt/c/Users/Vivobook Pro/Documents/HEIG-VD/TB/travail_de_bachelor/project/play-java-seed/app/model/entities/PoolRarity.java. Using fallback presentation compiler.[0m
Jul 06, 2026 8:30:40 AM org.eclipse.lsp4j.jsonrpc.services.GenericEndpoint notify
INFO: Unsupported notification method: $/setTrace
2026.07.06 08:30:40 INFO  no build target found for /mnt/c/Users/Vivobook Pro/Documents/HEIG-VD/TB/travail_de_bachelor/project/play-java-seed/app/model/entities/PoolRarity.java. Using fallback presentation compiler.[0m
Jul 06, 2026 8:30:41 AM org.eclipse.lsp4j.jsonrpc.services.GenericEndpoint notify
INFO: Unsupported notification method: $/setTrace
2026.07.06 08:30:40 INFO  no build target found for /mnt/c/Users/Vivobook Pro/Documents/HEIG-VD/TB/travail_de_bachelor/project/play-java-seed/app/model/entities/PoolRarity.java. Using fallback presentation compiler.[0m
2026.07.06 08:31:43 WARN  no build target for: /mnt/c/Users/Vivobook Pro/Documents/HEIG-VD/TB/travail_de_bachelor/project/play-java-seed/app/model/utils/Tuple.java[0m
2026.07.06 08:31:43 WARN  Running javac-semanticdb failed for file:///mnt/c/Users/Vivobook%20Pro/Documents/HEIG-VD/TB/travail_de_bachelor/project/play-java-seed/app/model/utils/Tuple.java. Output:
[0m
2026.07.06 08:31:43 INFO  no build target found for /mnt/c/Users/Vivobook Pro/Documents/HEIG-VD/TB/travail_de_bachelor/project/play-java-seed/app/model/entities/PoolRarity.java. Using fallback presentation compiler.[0m
2026.07.06 08:31:47 WARN  no build target for: /mnt/c/Users/Vivobook Pro/Documents/HEIG-VD/TB/travail_de_bachelor/project/play-java-seed/app/model/entities/User.java[0m
2026.07.06 08:31:47 WARN  Running javac-semanticdb failed for file:///mnt/c/Users/Vivobook%20Pro/Documents/HEIG-VD/TB/travail_de_bachelor/project/play-java-seed/app/model/entities/User.java. Output:
[0m
2026.07.06 08:31:47 INFO  no build target found for /mnt/c/Users/Vivobook Pro/Documents/HEIG-VD/TB/travail_de_bachelor/project/play-java-seed/app/model/entities/PoolRarity.java. Using fallback presentation compiler.[0m
2026.07.06 08:31:55 INFO  no build target found for /mnt/c/Users/Vivobook Pro/Documents/HEIG-VD/TB/travail_de_bachelor/project/play-java-seed/app/model/entities/User.java. Using fallback presentation compiler.[0m
2026.07.06 08:31:55 INFO  no build target found for /mnt/c/Users/Vivobook Pro/Documents/HEIG-VD/TB/travail_de_bachelor/project/play-java-seed/app/model/entities/unit/InstanceUnit.java. Using fallback presentation compiler.[0m
2026.07.06 08:31:55 WARN  no build target for: /mnt/c/Users/Vivobook Pro/Documents/HEIG-VD/TB/travail_de_bachelor/project/play-java-seed/app/model/entities/User.java[0m
2026.07.06 08:31:55 WARN  Running javac-semanticdb failed for file:///mnt/c/Users/Vivobook%20Pro/Documents/HEIG-VD/TB/travail_de_bachelor/project/play-java-seed/app/model/entities/User.java. Output:
[0m
2026.07.06 08:31:55 WARN  no build target for: /mnt/c/Users/Vivobook Pro/Documents/HEIG-VD/TB/travail_de_bachelor/project/play-java-seed/app/model/entities/unit/InstanceUnit.java[0m
2026.07.06 08:31:55 WARN  Running javac-semanticdb failed for file:///mnt/c/Users/Vivobook%20Pro/Documents/HEIG-VD/TB/travail_de_bachelor/project/play-java-seed/app/model/entities/unit/InstanceUnit.java. Output:
[0m
2026.07.06 08:31:55 INFO  no build target found for /mnt/c/Users/Vivobook Pro/Documents/HEIG-VD/TB/travail_de_bachelor/project/play-java-seed/app/model/entities/PoolRarity.java. Using fallback presentation compiler.[0m
2026.07.06 08:31:55 INFO  no build target found for /mnt/c/Users/Vivobook Pro/Documents/HEIG-VD/TB/travail_de_bachelor/project/play-java-seed/app/model/entities/PoolRarity.java. Using fallback presentation compiler.[0m
2026.07.06 08:32:26 INFO  no build target found for /mnt/c/Users/Vivobook Pro/Documents/HEIG-VD/TB/travail_de_bachelor/project/play-java-seed/app/model/entities/unit/InstanceUnit.java. Using fallback presentation compiler.[0m
2026.07.06 08:32:26 WARN  no build target for: /mnt/c/Users/Vivobook Pro/Documents/HEIG-VD/TB/travail_de_bachelor/project/play-java-seed/app/model/entities/unit/InstanceUnit.java[0m
Jul 06, 2026 8:32:26 AM org.eclipse.lsp4j.jsonrpc.RemoteEndpoint handleCancellation
WARNING: Unmatched cancel notification for request id 1572
2026.07.06 08:32:26 INFO  no build target found for /mnt/c/Users/Vivobook Pro/Documents/HEIG-VD/TB/travail_de_bachelor/project/play-java-seed/app/model/entities/unit/InstanceUnit.java. Using fallback presentation compiler.[0m
2026.07.06 08:32:31 INFO  no build target found for /mnt/c/Users/Vivobook Pro/Documents/HEIG-VD/TB/travail_de_bachelor/project/play-java-seed/app/model/entities/User.java. Using fallback presentation compiler.[0m
2026.07.06 08:32:31 Jul 0 , 2026 8:32:31 AM org.eclipse.lsp4j.jsonrpc.RemoteEndpoint handleCancellation
WARNING: Unmatched cancel notification for request id 1584
no build target for: /mnt/c/Users/Vivobook Pro/Documents/HEIG-VD/TB/travail_de_bachelor/project/play-java-seed/app/model/entities/User.java[0m
2026.07.06 08:32:31 INFO  no build target found for /mnt/c/Users/Vivobook Pro/Documents/HEIG-VD/TB/travail_de_bachelor/project/play-java-seed/app/model/entities/User.java. Using fallback presentation compiler.[0m
Jul 06, 2026 8:32:32 AM org.eclipse.lsp4j.jsonrpc.RemoteEndpoint handleCancellation
WARNING: Unmatched cancel notification for request id 1587
2026.07.06 08:32:31 INFO  no build target found for /mnt/c/Users/Vivobook Pro/Documents/HEIG-VD/TB/travail_de_bachelor/project/play-java-seed/app/model/entities/User.java. Using fallback presentation compiler.[0m
2026.07.06 08:32:32 INFO  no build target found for /mnt/c/Users/Vivobook Pro/Documents/HEIG-VD/TB/travail_de_bachelor/project/play-java-seed/app/model/entities/User.java. Using fallback presentation compiler.[0m
2026.07.06 08:32:31 INFO  no build target found for /mnt/c/Users/Vivobook Pro/Documents/HEIG-VD/TB/travail_de_bachelor/project/play-java-seed/app/model/entities/User.java. Using fallback presentation compiler.[0m
2026.07.06 08:32:32 INFO  no build target found for /mnt/c/Users/Vivobook Pro/Documents/HEIG-VD/TB/travail_de_bachelor/project/play-java-seed/app/model/entities/User.java. Using fallback presentation compiler.[0m
2026.07.06 08:33:16 INFO  no build target found for /mnt/c/Users/Vivobook Pro/Documents/HEIG-VD/TB/travail_de_bachelor/project/play-java-seed/app/model/utils/Tuple.java. Using fallback presentation compiler.[0m
2026.07.06 08:36:12 INFO  no build target found for /mnt/c/Users/Vivobook Pro/Documents/HEIG-VD/TB/travail_de_bachelor/project/play-java-seed/app/model/entities/User.java. Using fallback presentation compiler.[0m
2026.07.06 08:36:12 INFO  no build target found for /mnt/c/Users/Vivobook Pro/Documents/HEIG-VD/TB/travail_de_bachelor/project/play-java-seed/app/model/entities/User.java. Using fallback presentation compiler.[0m
2026.07.06 08:36:13 INFO  no build target found for /mnt/c/Users/Vivobook Pro/Documents/HEIG-VD/TB/travail_de_bachelor/project/play-java-seed/app/model/entities/User.java. Using fallback presentation compiler.[0m
2026.07.06 08:36:13 INFO  no build target found for /mnt/c/Users/Vivobook Pro/Documents/HEIG-VD/TB/travail_de_bachelor/project/play-java-seed/app/model/entities/User.java. Using fallback presentation compiler.[0m
2026.07.06 08:39:54 INFO  no build target found for /mnt/c/Users/Vivobook Pro/Documents/HEIG-VD/TB/travail_de_bachelor/project/play-java-seed/app/model/entities/User.java. Using fallback presentation compiler.[0m
2026.07.06 14:54:47 INFO  Started: Metals version 1.6.7 in folders '/mnt/c/Users/Vivobook Pro/Documents/HEIG-VD/TB/travail_de_bachelor/project/play-java-seed' for client Visual Studio Code 1.127.0.[0m
2026.07.06 14:54:47 INFO  Memory monitor started[0m
2026.07.06 14:54:47 WARN  Using H2 2.4.240 which is newer than the version Flyway has been verified with. The latest verified version of H2 is 2.3.232.[0m
2026.07.06 14:54:49 INFO  no build target found for /mnt/c/Users/Vivobook Pro/Documents/HEIG-VD/TB/travail_de_bachelor/project/play-java-seed/app/model/entities/User.java. Using fallback presentation compiler.[0m
2026.07.06 14:55:16 INFO  no build target found for /mnt/c/Users/Vivobook Pro/Documents/HEIG-VD/TB/travail_de_bachelor/project/play-java-seed/app/model/entities/User.java. Using fallback presentation compiler.[0m
2026.07.06 14:55:17 INFO  no build target found for /mnt/c/Users/Vivobook Pro/Documents/HEIG-VD/TB/travail_de_bachelor/project/play-java-seed/app/model/entities/User.java. Using fallback presentation compiler.[0m
2026.07.06 14:55:19 INFO  no build target found for /mnt/c/Users/Vivobook Pro/Documents/HEIG-VD/TB/travail_de_bachelor/project/play-java-seed/app/model/entities/User.java. Using fallback presentation compiler.[0m
2026.07.06 14:55:19 INFO  no build target found for /mnt/c/Users/Vivobook Pro/Documents/HEIG-VD/TB/travail_de_bachelor/project/play-java-seed/app/model/entities/User.java. Using fallback presentation compiler.[0m
2026.07.06 14:59:29 INFO  Shutting down server[0m
2026.07.06 14:59:29 INFO  Memory monitor stopped[0m
2026.07.06 14:59:29 INFO  shutting down Metals[0m
2026.07.06 14:59:29 INFO  Exiting server[0m
2026.07.06 15:11:17 WARN  no build target for: /mnt/c/Users/Vivobook Pro/Documents/HEIG-VD/TB/travail_de_bachelor/project/play-java-seed/app/model/entities/Round.java[0m
2026.07.06 15:11:17 WARN  no build target for: /mnt/c/Users/Vivobook Pro/Documents/HEIG-VD/TB/travail_de_bachelor/project/play-java-seed/app/model/entities/Team.java[0m
2026.07.06 15:11:17 WARN  no build target for: /mnt/c/Users/Vivobook Pro/Documents/HEIG-VD/TB/travail_de_bachelor/project/play-java-seed/app/model/entities/unit/Unit.java[0m
2026.07.06 15:11:17 WARN  no build target for: /mnt/c/Users/Vivobook Pro/Documents/HEIG-VD/TB/travail_de_bachelor/project/play-java-seed/app/model/entities/unit/AbilityFragment.java[0m
2026.07.06 15:11:17 WARN  no build target for: /mnt/c/Users/Vivobook Pro/Documents/HEIG-VD/TB/travail_de_bachelor/project/play-java-seed/app/model/entities/unit/Object.java[0m
2026.07.06 15:11:17 WARN  no build target for: /mnt/c/Users/Vivobook Pro/Documents/HEIG-VD/TB/travail_de_bachelor/project/play-java-seed/app/model/entities/unit/InstanceUnit.java[0m
2026.07.06 15:11:17 WARN  no build target for: /mnt/c/Users/Vivobook Pro/Documents/HEIG-VD/TB/travail_de_bachelor/project/play-java-seed/app/model/entities/User.java[0m
2026.07.06 15:11:17 INFO  no build target found for /mnt/c/Users/Vivobook Pro/Documents/HEIG-VD/TB/travail_de_bachelor/project/play-java-seed/app/model/entities/User.java. Using fallback presentation compiler.[0m
2026.07.06 15:11:18 WARN  Running javac-semanticdb failed for file:///mnt/c/Users/Vivobook%20Pro/Documents/HEIG-VD/TB/travail_de_bachelor/project/play-java-seed/app/model/entities/unit/Object.java. Output:
[0m
2026.07.06 15:11:18 WARN  Running javac-semanticdb failed for file:///mnt/c/Users/Vivobook%20Pro/Documents/HEIG-VD/TB/travail_de_bachelor/project/play-java-seed/app/model/entities/User.java. Output:
[0m
2026.07.06 15:11:18 INFO  no build target found for /mnt/c/Users/Vivobook Pro/Documents/HEIG-VD/TB/travail_de_bachelor/project/play-java-seed/app/model/entities/User.java. Using fallback presentation compiler.[0m
2026.07.06 15:11:18 WARN  Running javac-semanticdb failed for file:///mnt/c/Users/Vivobook%20Pro/Documents/HEIG-VD/TB/travail_de_bachelor/project/play-java-seed/app/model/entities/unit/AbilityFragment.java. Output:
[0m
2026.07.06 15:11:18 WARN  Running javac-semanticdb failed for file:///mnt/c/Users/Vivobook%20Pro/Documents/HEIG-VD/TB/travail_de_bachelor/project/play-java-seed/app/model/entities/unit/InstanceUnit.java. Output:
[0m
2026.07.06 15:11:18 WARN  Running javac-semanticdb failed for file:///mnt/c/Users/Vivobook%20Pro/Documents/HEIG-VD/TB/travail_de_bachelor/project/play-java-seed/app/model/entities/unit/Unit.java. Output:
[0m
2026.07.06 15:11:18 WARN  Running javac-semanticdb failed for file:///mnt/c/Users/Vivobook%20Pro/Documents/HEIG-VD/TB/travail_de_bachelor/project/play-java-seed/app/model/entities/Team.java. Output:
[0m
2026.07.06 15:11:18 WARN  Running javac-semanticdb failed for file:///mnt/c/Users/Vivobook%20Pro/Documents/HEIG-VD/TB/travail_de_bachelor/project/play-java-seed/app/model/entities/Round.java. Output:
[0m
2026.07.06 15:11:47 INFO  no build target found for /mnt/c/Users/Vivobook Pro/Documents/HEIG-VD/TB/travail_de_bachelor/project/play-java-seed/app/model/entities/User.java. Using fallback presentation compiler.[0m
2026.07.06 15:12:14 WARN  no build target for: /mnt/c/Users/Vivobook Pro/Documents/HEIG-VD/TB/travail_de_bachelor/project/play-java-seed/app/model/entities/Fight.java[0m
2026.07.06 15:12:14 WARN  no build target for: /mnt/c/Users/Vivobook Pro/Documents/HEIG-VD/TB/travail_de_bachelor/project/play-java-seed/app/model/entities/game/Game.java[0m
2026.07.06 15:12:14 WARN  Running javac-semanticdb failed for file:///mnt/c/Users/Vivobook%20Pro/Documents/HEIG-VD/TB/travail_de_bachelor/project/play-java-seed/app/model/entities/Fight.java. Output:
[0m
2026.07.06 15:12:14 INFO  no build target found for /mnt/c/Users/Vivobook Pro/Documents/HEIG-VD/TB/travail_de_bachelor/project/play-java-seed/app/model/entities/User.java. Using fallback presentation compiler.[0m
2026.07.06 15:12:14 WARN  Running javac-semanticdb failed for file:///mnt/c/Users/Vivobook%20Pro/Documents/HEIG-VD/TB/travail_de_bachelor/project/play-java-seed/app/model/entities/game/Game.java. Output:
[0m
2026.07.06 15:12:14 INFO  no build target found for /mnt/c/Users/Vivobook Pro/Documents/HEIG-VD/TB/travail_de_bachelor/project/play-java-seed/app/model/entities/User.java. Using fallback presentation compiler.[0m
2026.07.06 15:12:25 WARN  no build target for: /mnt/c/Users/Vivobook Pro/Documents/HEIG-VD/TB/travail_de_bachelor/project/play-java-seed/app/model/entities/event/Event.java[0m
2026.07.06 15:12:25 WARN  no build target for: /mnt/c/Users/Vivobook Pro/Documents/HEIG-VD/TB/travail_de_bachelor/project/play-java-seed/app/model/entities/effect/Effect.java[0m
2026.07.06 15:12:25 WARN  no build target for: /mnt/c/Users/Vivobook Pro/Documents/HEIG-VD/TB/travail_de_bachelor/project/play-java-seed/app/model/entities/effect/StatChangingEffect.java[0m
2026.07.06 15:12:25 WARN  Running javac-semanticdb failed for file:///mnt/c/Users/Vivobook%20Pro/Documents/HEIG-VD/TB/travail_de_bachelor/project/play-java-seed/app/model/entities/event/Event.java. Output:
[0m
2026.07.06 15:12:25 WARN  no build target for: /mnt/c/Users/Vivobook Pro/Documents/HEIG-VD/TB/travail_de_bachelor/project/play-java-seed/app/model/entities/effect/scaling/ScalingEffect.java[0m
2026.07.06 15:12:25 INFO  no build target found for /mnt/c/Users/Vivobook Pro/Documents/HEIG-VD/TB/travail_de_bachelor/project/play-java-seed/app/model/entities/User.java. Using fallback presentation compiler.[0m
2026.07.06 15:12:25 WARN  no build target for: /mnt/c/Users/Vivobook Pro/Documents/HEIG-VD/TB/travail_de_bachelor/project/play-java-seed/app/model/entities/event/LevelingEvent.java[0m
2026.07.06 15:12:25 WARN  Running javac-semanticdb failed for file:///mnt/c/Users/Vivobook%20Pro/Documents/HEIG-VD/TB/travail_de_bachelor/project/play-java-seed/app/model/entities/effect/scaling/ScalingEffect.java. Output:
[0m
2026.07.06 15:12:26 WARN  Running javac-semanticdb failed for file:///mnt/c/Users/Vivobook%20Pro/Documents/HEIG-VD/TB/travail_de_bachelor/project/play-java-seed/app/model/entities/effect/StatChangingEffect.java. Output:
[0m
2026.07.06 15:12:26 WARN  Running javac-semanticdb failed for file:///mnt/c/Users/Vivobook%20Pro/Documents/HEIG-VD/TB/travail_de_bachelor/project/play-java-seed/app/model/entities/effect/Effect.java. Output:
[0m
2026.07.06 15:12:25 WARN  Running javac-semanticdb failed for file:///mnt/c/Users/Vivobook%20Pro/Documents/HEIG-VD/TB/travail_de_bachelor/project/play-java-seed/app/model/entities/event/LevelingEvent.java. Output:
[0m
2026.07.06 15:12:26 INFO  no build target found for /mnt/c/Users/Vivobook Pro/Documents/HEIG-VD/TB/travail_de_bachelor/project/play-java-seed/app/model/entities/User.java. Using fallback presentation compiler.[0m
2026.07.06 15:12:44 WARN  no build target for: /mnt/c/Users/Vivobook Pro/Documents/HEIG-VD/TB/travail_de_bachelor/project/play-java-seed/app/model/entities/game/PoolEntry.java[0m
2026.07.06 15:12:44 WARN  no build target for: /mnt/c/Users/Vivobook Pro/Documents/HEIG-VD/TB/travail_de_bachelor/project/play-java-seed/app/model/entities/game/Pool.java[0m
2026.07.06 15:12:44 WARN  Running javac-semanticdb failed for file:///mnt/c/Users/Vivobook%20Pro/Documents/HEIG-VD/TB/travail_de_bachelor/project/play-java-seed/app/model/entities/game/PoolEntry.java. Output:
[0m
2026.07.06 15:12:44 WARN  Running javac-semanticdb failed for file:///mnt/c/Users/Vivobook%20Pro/Documents/HEIG-VD/TB/travail_de_bachelor/project/play-java-seed/app/model/entities/game/Pool.java. Output:
[0m
2026.07.06 15:12:44 INFO  no build target found for /mnt/c/Users/Vivobook Pro/Documents/HEIG-VD/TB/travail_de_bachelor/project/play-java-seed/app/model/entities/User.java. Using fallback presentation compiler.[0m
2026.07.06 15:12:44 INFO  no build target found for /mnt/c/Users/Vivobook Pro/Documents/HEIG-VD/TB/travail_de_bachelor/project/play-java-seed/app/model/entities/game/Game.java. Using fallback presentation compiler.[0m
2026.07.06 15:12:44 INFO  no build target found for /mnt/c/Users/Vivobook Pro/Documents/HEIG-VD/TB/travail_de_bachelor/project/play-java-seed/app/model/entities/game/Pool.java. Using fallback presentation compiler.[0m
2026.07.06 15:12:44 INFO  no build target found for /mnt/c/Users/Vivobook Pro/Documents/HEIG-VD/TB/travail_de_bachelor/project/play-java-seed/app/model/entities/game/PoolEntry.java. Using fallback presentation compiler.[0m
2026.07.06 15:12:44 INFO  no build target found for /mnt/c/Users/Vivobook Pro/Documents/HEIG-VD/TB/travail_de_bachelor/project/play-java-seed/app/model/entities/Team.java. Using fallback presentation compiler.[0m
2026.07.06 15:12:44 INFO  no build target found for /mnt/c/Users/Vivobook Pro/Documents/HEIG-VD/TB/travail_de_bachelor/project/play-java-seed/app/model/entities/Round.java. Using fallback presentation compiler.[0m
2026.07.06 15:12:44 INFO  no build target found for /mnt/c/Users/Vivobook Pro/Documents/HEIG-VD/TB/travail_de_bachelor/project/play-java-seed/app/model/entities/Fight.java. Using fallback presentation compiler.[0m
2026.07.06 15:12:44 INFO  no build target found for /mnt/c/Users/Vivobook Pro/Documents/HEIG-VD/TB/travail_de_bachelor/project/play-java-seed/app/model/entities/unit/Unit.java. Using fallback presentation compiler.[0m
2026.07.06 15:12:44 INFO  no build target found for /mnt/c/Users/Vivobook Pro/Documents/HEIG-VD/TB/travail_de_bachelor/project/play-java-seed/app/model/entities/unit/InstanceUnit.java. Using fallback presentation compiler.[0m
2026.07.06 15:12:44 INFO  no build target found for /mnt/c/Users/Vivobook Pro/Documents/HEIG-VD/TB/travail_de_bachelor/project/play-java-seed/app/model/entities/unit/Object.java. Using fallback presentation compiler.[0m
2026.07.06 15:12:44 INFO  no build target found for /mnt/c/Users/Vivobook Pro/Documents/HEIG-VD/TB/travail_de_bachelor/project/play-java-seed/app/model/entities/unit/AbilityFragment.java. Using fallback presentation compiler.[0m
2026.07.06 15:12:44 INFO  no build target found for /mnt/c/Users/Vivobook Pro/Documents/HEIG-VD/TB/travail_de_bachelor/project/play-java-seed/app/model/entities/effect/Effect.java. Using fallback presentation compiler.[0m
2026.07.06 15:12:44 INFO  no build target found for /mnt/c/Users/Vivobook Pro/Documents/HEIG-VD/TB/travail_de_bachelor/project/play-java-seed/app/model/entities/effect/StatChangingEffect.java. Using fallback presentation compiler.[0m
2026.07.06 15:12:44 INFO  no build target found for /mnt/c/Users/Vivobook Pro/Documents/HEIG-VD/TB/travail_de_bachelor/project/play-java-seed/app/model/entities/effect/scaling/ScalingEffect.java. Using fallback presentation compiler.[0m
2026.07.06 15:12:44 INFO  no build target found for /mnt/c/Users/Vivobook Pro/Documents/HEIG-VD/TB/travail_de_bachelor/project/play-java-seed/app/model/entities/event/Event.java. Using fallback presentation compiler.[0m
2026.07.06 15:12:44 INFO  no build target found for /mnt/c/Users/Vivobook Pro/Documents/HEIG-VD/TB/travail_de_bachelor/project/play-java-seed/app/model/entities/event/LevelingEvent.java. Using fallback presentation compiler.[0m
2026.07.06 15:12:44 INFO  no build target found for /mnt/c/Users/Vivobook Pro/Documents/HEIG-VD/TB/travail_de_bachelor/project/play-java-seed/app/model/entities/User.java. Using fallback presentation compiler.[0m
2026.07.06 15:12:46 INFO  no build target found for /mnt/c/Users/Vivobook Pro/Documents/HEIG-VD/TB/travail_de_bachelor/project/play-java-seed/app/model/entities/User.java. Using fallback presentation compiler.[0mJul 06, 2026 3:12:46 PM org.eclipse.lsp4j.jsonrpc.RemoteEndpoint handleCancellation
WARNING: Unmatched cancel notification for request id 22
2026.07.06 15:12:46 INFO  no build target found for /mnt/c/Users/Vivobook Pro/Documents/HEIG-VD/TB/travail_de_bachelor/project/play-java-seed/app/model/entities/User.java. Using fallback presentation compiler.[0m
2026.07.06 15:12:46 WARN  no build target for: /mnt/c/Users/Vivobook Pro/Documents/HEIG-VD/TB/travail_de_bachelor/project/play-java-seed/app/model/entities/Team.java[0m
2026.07.06 15:12:46 WARN  Running javac-semanticdb failed for file:///mnt/c/Users/Vivobook%20Pro/Documents/HEIG-VD/TB/travail_de_bachelor/project/play-java-seed/app/model/entities/Team.java. Output:
[0m
2026.07.06 15:12:46 WARN  no build target for: /mnt/c/Users/Vivobook Pro/Documents/HEIG-VD/TB/travail_de_bachelor/project/play-java-seed/app/model/entities/User.java[0m
2026.07.06 15:12:46 WARN  Running javac-semanticdb failed for file:///mnt/c/Users/Vivobook%20Pro/Documents/HEIG-VD/TB/travail_de_bachelor/project/play-java-seed/app/model/entities/User.java. Output:
[0m
2026.07.06 15:12:47 WARN  no build target for: /mnt/c/Users/Vivobook Pro/Documents/HEIG-VD/TB/travail_de_bachelor/project/play-java-seed/app/model/entities/game/Game.java[0m
2026.07.06 15:12:46 WARN  Running javac-semanticdb failed for file:///mnt/c/Users/Vivobook%20Pro/Documents/HEIG-VD/TB/travail_de_bachelor/project/play-java-seed/app/model/entities/game/Game.java. Output:
[0m
2026.07.06 15:12:47 WARN  no build target for: /mnt/c/Users/Vivobook Pro/Documents/HEIG-VD/TB/travail_de_bachelor/project/play-java-seed/app/model/entities/Round.java[0m
2026.07.06 15:12:47 WARN  Running javac-semanticdb failed for file:///mnt/c/Users/Vivobook%20Pro/Documents/HEIG-VD/TB/travail_de_bachelor/project/play-java-seed/app/model/entities/Round.java. Output:
[0m
2026.07.06 15:12:47 WARN  no build target for: /mnt/c/Users/Vivobook Pro/Documents/HEIG-VD/TB/travail_de_bachelor/project/play-java-seed/app/model/entities/Fight.java[0m
2026.07.06 15:12:47 WARN  Running javac-semanticdb failed for file:///mnt/c/Users/Vivobook%20Pro/Documents/HEIG-VD/TB/travail_de_bachelor/project/play-java-seed/app/model/entities/Fight.java. Output:
[0m
2026.07.06 15:12:47 WARN  no build target for: /mnt/c/Users/Vivobook Pro/Documents/HEIG-VD/TB/travail_de_bachelor/project/play-java-seed/app/model/entities/game/PoolEntry.java[0m
2026.07.06 15:12:47 WARN  Running javac-semanticdb failed for file:///mnt/c/Users/Vivobook%20Pro/Documents/HEIG-VD/TB/travail_de_bachelor/project/play-java-seed/app/model/entities/game/PoolEntry.java. Output:
[0m
2026.07.06 15:12:48 WARN  no build target for: /mnt/c/Users/Vivobook Pro/Documents/HEIG-VD/TB/travail_de_bachelor/project/play-java-seed/app/model/entities/game/Pool.java[0m
2026.07.06 15:12:48 WARN  Running javac-semanticdb failed for file:///mnt/c/Users/Vivobook%20Pro/Documents/HEIG-VD/TB/travail_de_bachelor/project/play-java-seed/app/model/entities/game/Pool.java. Output:
[0m
2026.07.06 15:12:49 WARN  no build target for: /mnt/c/Users/Vivobook Pro/Documents/HEIG-VD/TB/travail_de_bachelor/project/play-java-seed/app/model/entities/unit/Unit.java[0m
2026.07.06 15:12:49 WARN  Running javac-semanticdb failed for file:///mnt/c/Users/Vivobook%20Pro/Documents/HEIG-VD/TB/travail_de_bachelor/project/play-java-seed/app/model/entities/unit/Unit.java. Output:
[0m
2026.07.06 15:12:48 WARN  no build target for: /mnt/c/Users/Vivobook Pro/Documents/HEIG-VD/TB/travail_de_bachelor/project/play-java-seed/app/model/entities/unit/Object.java[0m
2026.07.06 15:12:49 WARN  Running javac-semanticdb failed for file:///mnt/c/Users/Vivobook%20Pro/Documents/HEIG-VD/TB/travail_de_bachelor/project/play-java-seed/app/model/entities/unit/Object.java. Output:
[0m
2026.07.06 15:12:49 WARN  no build target for: /mnt/c/Users/Vivobook Pro/Documents/HEIG-VD/TB/travail_de_bachelor/project/play-java-seed/app/model/entities/unit/AbilityFragment.java[0m
2026.07.06 15:12:49 WARN  Running javac-semanticdb failed for file:///mnt/c/Users/Vivobook%20Pro/Documents/HEIG-VD/TB/travail_de_bachelor/project/play-java-seed/app/model/entities/unit/AbilityFragment.java. Output:
[0m
2026.07.06 15:12:49 WARN  no build target for: /mnt/c/Users/Vivobook Pro/Documents/HEIG-VD/TB/travail_de_bachelor/project/play-java-seed/app/model/entities/effect/StatChangingEffect.java[0m
2026.07.06 15:12:49 WARN  Running javac-semanticdb failed for file:///mnt/c/Users/Vivobook%20Pro/Documents/HEIG-VD/TB/travail_de_bachelor/project/play-java-seed/app/model/entities/effect/StatChangingEffect.java. Output:
[0m
2026.07.06 15:12:49 WARN  no build target for: /mnt/c/Users/Vivobook Pro/Documents/HEIG-VD/TB/travail_de_bachelor/project/play-java-seed/app/model/entities/effect/Effect.java[0m
2026.07.06 15:12:50 WARN  Running javac-semanticdb failed for file:///mnt/c/Users/Vivobook%20Pro/Documents/HEIG-VD/TB/travail_de_bachelor/project/play-java-seed/app/model/entities/effect/Effect.java. Output:
[0m
2026.07.06 15:12:50 WARN  no build target for: /mnt/c/Users/Vivobook Pro/Documents/HEIG-VD/TB/travail_de_bachelor/project/play-java-seed/app/model/entities/event/Event.java[0m
2026.07.06 15:12:50 WARN  Running javac-semanticdb failed for file:///mnt/c/Users/Vivobook%20Pro/Documents/HEIG-VD/TB/travail_de_bachelor/project/play-java-seed/app/model/entities/event/Event.java. Output:
[0m
2026.07.06 15:12:51 WARN  no build target for: /mnt/c/Users/Vivobook Pro/Documents/HEIG-VD/TB/travail_de_bachelor/project/play-java-seed/app/model/entities/effect/scaling/ScalingEffect.java[0m
2026.07.06 15:12:50 WARN  Running javac-semanticdb failed for file:///mnt/c/Users/Vivobook%20Pro/Documents/HEIG-VD/TB/travail_de_bachelor/project/play-java-seed/app/model/entities/effect/scaling/ScalingEffect.java. Output:
[0m
Jul 06, 2026 3:12:51 PM org.eclipse.lsp4j.jsonrpc.RemoteEndpoint handleCancellation
WARNING: Unmatched cancel notification for request id 26
2026.07.06 15:12:51 WARN  no build target for: /mnt/c/Users/Vivobook Pro/Documents/HEIG-VD/TB/travail_de_bachelor/project/play-java-seed/app/model/entities/event/LevelingEvent.java[0m
2026.07.06 15:12:51 WARN  Running javac-semanticdb failed for file:///mnt/c/Users/Vivobook%20Pro/Documents/HEIG-VD/TB/travail_de_bachelor/project/play-java-seed/app/model/entities/event/LevelingEvent.java. Output:
[0m
2026.07.06 15:12:51 INFO  no build target found for /mnt/c/Users/Vivobook Pro/Documents/HEIG-VD/TB/travail_de_bachelor/project/play-java-seed/app/model/entities/User.java. Using fallback presentation compiler.[0m
2026.07.06 15:12:51 INFO  no build target found for /mnt/c/Users/Vivobook Pro/Documents/HEIG-VD/TB/travail_de_bachelor/project/play-java-seed/app/model/entities/User.java. Using fallback presentation compiler.[0m
2026.07.06 15:12:53 INFO  no build target found for /mnt/c/Users/Vivobook Pro/Documents/HEIG-VD/TB/travail_de_bachelor/project/play-java-seed/app/model/entities/User.java. Using fallback presentation compiler.[0m
2026.07.06 15:12:59 WARN  no build target for: /mnt/c/Users/Vivobook Pro/Documents/HEIG-VD/TB/travail_de_bachelor/project/play-java-seed/app/model/entities/event/ChangingShopEvent.java[0m
2026.07.06 15:12:59 WARN  no build target for: /mnt/c/Users/Vivobook Pro/Documents/HEIG-VD/TB/travail_de_bachelor/project/play-java-seed/app/model/entities/event/ChangingGoldEvent.java[0m
2026.07.06 15:12:59 WARN  no build target for: /mnt/c/Users/Vivobook Pro/Documents/HEIG-VD/TB/travail_de_bachelor/project/play-java-seed/app/model/entities/event/LosingHealthEvent.java[0m
2026.07.06 15:12:59 WARN  Running javac-semanticdb failed for file:///mnt/c/Users/Vivobook%20Pro/Documents/HEIG-VD/TB/travail_de_bachelor/project/play-java-seed/app/model/entities/event/ChangingShopEvent.java. Output:
[0m
2026.07.06 15:12:59 WARN  no build target for: /mnt/c/Users/Vivobook Pro/Documents/HEIG-VD/TB/travail_de_bachelor/project/play-java-seed/app/model/entities/unit/strategie/CurrentTargetStrategie.java[0m
2026.07.06 15:12:59 WARN  no build target for: /mnt/c/Users/Vivobook Pro/Documents/HEIG-VD/TB/travail_de_bachelor/project/play-java-seed/app/model/entities/unit/strategie/Strategie.java[0m
2026.07.06 15:12:59 INFO  no build target found for /mnt/c/Users/Vivobook Pro/Documents/HEIG-VD/TB/travail_de_bachelor/project/play-java-seed/app/model/entities/User.java. Using fallback presentation compiler.[0m
2026.07.06 15:12:59 WARN  Running javac-semanticdb failed for file:///mnt/c/Users/Vivobook%20Pro/Documents/HEIG-VD/TB/travail_de_bachelor/project/play-java-seed/app/model/entities/unit/strategie/CurrentTargetStrategie.java. Output:
[0m
2026.07.06 15:13:00 WARN  Running javac-semanticdb failed for file:///mnt/c/Users/Vivobook%20Pro/Documents/HEIG-VD/TB/travail_de_bachelor/project/play-java-seed/app/model/entities/event/LosingHealthEvent.java. Output:
[0m
2026.07.06 15:13:00 WARN  Running javac-semanticdb failed for file:///mnt/c/Users/Vivobook%20Pro/Documents/HEIG-VD/TB/travail_de_bachelor/project/play-java-seed/app/model/entities/event/ChangingGoldEvent.java. Output:
[0m
2026.07.06 15:12:59 WARN  Running javac-semanticdb failed for file:///mnt/c/Users/Vivobook%20Pro/Documents/HEIG-VD/TB/travail_de_bachelor/project/play-java-seed/app/model/entities/unit/strategie/Strategie.java. Output:
[0m
2026.07.06 15:13:01 INFO  no build target found for /mnt/c/Users/Vivobook Pro/Documents/HEIG-VD/TB/travail_de_bachelor/project/play-java-seed/app/model/entities/User.java. Using fallback presentation compiler.[0m
2026.07.06 15:13:08 INFO  no build target found for /mnt/c/Users/Vivobook Pro/Documents/HEIG-VD/TB/travail_de_bachelor/project/play-java-seed/app/model/entities/event/ChangingGoldEvent.java. Using fallback presentation compiler.[0m
2026.07.06 15:13:08 INFO  no build target found for /mnt/c/Users/Vivobook Pro/Documents/HEIG-VD/TB/travail_de_bachelor/project/play-java-seed/app/model/entities/event/ChangingShopEvent.java. Using fallback presentation compiler.[0m
2026.07.06 15:13:08 INFO  no build target found for /mnt/c/Users/Vivobook Pro/Documents/HEIG-VD/TB/travail_de_bachelor/project/play-java-seed/app/model/entities/event/LosingHealthEvent.java. Using fallback presentation compiler.[0m
2026.07.06 15:13:08 INFO  no build target found for /mnt/c/Users/Vivobook Pro/Documents/HEIG-VD/TB/travail_de_bachelor/project/play-java-seed/app/model/entities/unit/strategie/Strategie.java. Using fallback presentation compiler.[0m
2026.07.06 15:13:08 INFO  no build target found for /mnt/c/Users/Vivobook Pro/Documents/HEIG-VD/TB/travail_de_bachelor/project/play-java-seed/app/model/entities/unit/strategie/CurrentTargetStrategie.java. Using fallback presentation compiler.[0m
2026.07.06 15:13:08 WARN  no build target for: /mnt/c/Users/Vivobook Pro/Documents/HEIG-VD/TB/travail_de_bachelor/project/play-java-seed/app/model/entities/event/ChangingGoldEvent.java[0m
2026.07.06 15:13:08 WARN  Running javac-semanticdb failed for file:///mnt/c/Users/Vivobook%20Pro/Documents/HEIG-VD/TB/travail_de_bachelor/project/play-java-seed/app/model/entities/event/ChangingGoldEvent.java. Output:
[0m
2026.07.06 15:13:08 WARN  no build target for: /mnt/c/Users/Vivobook Pro/Documents/HEIG-VD/TB/travail_de_bachelor/project/play-java-seed/app/model/entities/event/ChangingShopEvent.java[0m
2026.07.06 15:13:08 WARN  Running javac-semanticdb failed for file:///mnt/c/Users/Vivobook%20Pro/Documents/HEIG-VD/TB/travail_de_bachelor/project/play-java-seed/app/model/entities/event/ChangingShopEvent.java. Output:
[0m
2026.07.06 15:13:08 WARN  no build target for: /mnt/c/Users/Vivobook Pro/Documents/HEIG-VD/TB/travail_de_bachelor/project/play-java-seed/app/model/entities/event/LosingHealthEvent.java[0m
2026.07.06 15:13:08 WARN  Running javac-semanticdb failed for file:///mnt/c/Users/Vivobook%20Pro/Documents/HEIG-VD/TB/travail_de_bachelor/project/play-java-seed/app/model/entities/event/LosingHealthEvent.java. Output:
[0m
2026.07.06 15:13:09 WARN  no build target for: /mnt/c/Users/Vivobook Pro/Documents/HEIG-VD/TB/travail_de_bachelor/project/play-java-seed/app/model/entities/unit/strategie/CurrentTargetStrategie.java[0m
2026.07.06 15:13:09 WARN  Running javac-semanticdb failed for file:///mnt/c/Users/Vivobook%20Pro/Documents/HEIG-VD/TB/travail_de_bachelor/project/play-java-seed/app/model/entities/unit/strategie/CurrentTargetStrategie.java. Output:
[0m
2026.07.06 15:13:09 WARN  no build target for: /mnt/c/Users/Vivobook Pro/Documents/HEIG-VD/TB/travail_de_bachelor/project/play-java-seed/app/model/entities/unit/strategie/Strategie.java[0m
2026.07.06 15:13:10 WARN  Running javac-semanticdb failed for file:///mnt/c/Users/Vivobook%20Pro/Documents/HEIG-VD/TB/travail_de_bachelor/project/play-java-seed/app/model/entities/unit/strategie/Strategie.java. Output:
[0m
2026.07.06 15:13:09 INFO  no build target found for /mnt/c/Users/Vivobook Pro/Documents/HEIG-VD/TB/travail_de_bachelor/project/play-java-seed/app/model/entities/User.java. Using fallback presentation compiler.[0m
2026.07.06 15:13:11 INFO  no build target found for /mnt/c/Users/Vivobook Pro/Documents/HEIG-VD/TB/travail_de_bachelor/project/play-java-seed/app/model/entities/User.java. Using fallback presentation compiler.[0m
2026.07.06 15:14:11 INFO  no build target found for /mnt/c/Users/Vivobook Pro/Documents/HEIG-VD/TB/travail_de_bachelor/project/play-java-seed/app/model/entities/effect/Effect.java. Using fallback presentation compiler.[0m
2026.07.06 15:14:11 WARN  no build target for: /mnt/c/Users/Vivobook Pro/Documents/HEIG-VD/TB/travail_de_bachelor/project/play-java-seed/app/model/entities/effect/Effect.java[0m
Jul 06, 2026 3:14:11 PM org.eclipse.lsp4j.jsonrpc.RemoteEndpoint handleCancellation
WARNING: Unmatched cancel notification for request id 42
2026.07.06 15:14:11 INFO  no build target found for /mnt/c/Users/Vivobook Pro/Documents/HEIG-VD/TB/travail_de_bachelor/project/play-java-seed/app/model/entities/effect/Effect.java. Using fallback presentation compiler.[0m
2026.07.06 15:14:11 INFO  no build target found for /mnt/c/Users/Vivobook Pro/Documents/HEIG-VD/TB/travail_de_bachelor/project/play-java-seed/app/model/entities/effect/Effect.java. Using fallback presentation compiler.[0m
Jul 06, 2026 3:14:12 PM org.eclipse.lsp4j.jsonrpc.RemoteEndpoint handleCancellation
WARNING: Unmatched cancel notification for request id 46
2026.07.06 15:14:11 INFO  no build target found for /mnt/c/Users/Vivobook Pro/Documents/HEIG-VD/TB/travail_de_bachelor/project/play-java-seed/app/model/entities/effect/Effect.java. Using fallback presentation compiler.[0m
2026.07.06 15:14:12 INFO  no build target found for /mnt/c/Users/Vivobook Pro/Documents/HEIG-VD/TB/travail_de_bachelor/project/play-java-seed/app/model/entities/effect/Effect.java. Using fallback presentation compiler.[0m
Jul 06, 2026 3:14:12 PM org.eclipse.lsp4j.jsonrpc.RemoteEndpoint handleCancellation
WARNING: Unmatched cancel notification for request id 49
2026.07.06 15:14:12 INFO  no build target found for /mnt/c/Users/Vivobook Pro/Documents/HEIG-VD/TB/travail_de_bachelor/project/play-java-seed/app/model/entities/effect/scaling/ScalingEffect.java. Using fallback presentation compiler.[0m
2026.07.06 15:14:13 WARN  no build target for: /mnt/c/Users/Vivobook Pro/Documents/HEIG-VD/TB/travail_de_bachelor/project/play-java-seed/app/model/entities/effect/scaling/ScalingEffect.java[0m
Jul 06, 2026 3:14:13 PM org.eclipse.lsp4j.jsonrpc.RemoteEndpoint handleCancellation
WARNING: Unmatched cancel notification for request id 50
2026.07.06 15:14:12 INFO  no build target found for /mnt/c/Users/Vivobook Pro/Documents/HEIG-VD/TB/travail_de_bachelor/project/play-java-seed/app/model/entities/effect/scaling/ScalingEffect.java. Using fallback presentation compiler.[0m
2026.07.06 15:14:13 INFO  no build target found for /mnt/c/Users/Vivobook Pro/Documents/HEIG-VD/TB/travail_de_bachelor/project/play-java-seed/app/model/entities/effect/scaling/ScalingEffect.java. Using fallback presentation compiler.[0m
Jul 06, 2026 3:14:14 PM org.eclipse.lsp4j.jsonrpc.RemoteEndpoint handleCancellation
WARNING: Unmatched cancel notification for request id 54
Jul 06, 2026 3:14:14 PM org.eclipse.lsp4j.jsonrpc.RemoteEndpoint handleCancellation
WARNING: Unmatched cancel notification for request id 52
Jul 06, 2026 3:14:14 PM org.eclipse.lsp4j.jsonrpc.RemoteEndpoint handleCancellation
WARNING: Unmatched cancel notification for request id 51
2026.07.06 15:14:13 INFO  no build target found for /mnt/c/Users/Vivobook Pro/Documents/HEIG-VD/TB/travail_de_bachelor/project/play-java-seed/app/model/entities/effect/StatChangingEffect.java. Using fallback presentation compiler.[0m
2026.07.06 15:14:14 WARN  no build target for: /mnt/c/Users/Vivobook Pro/Documents/HEIG-VD/TB/travail_de_bachelor/project/play-java-seed/app/model/entities/effect/StatChangingEffect.java[0m
Jul 06, 2026 3:14:14 PM org.eclipse.lsp4j.jsonrpc.RemoteEndpoint handleCancellation
WARNING: Unmatched cancel notification for request id 56
2026.07.06 15:14:14 INFO  no build target found for /mnt/c/Users/Vivobook Pro/Documents/HEIG-VD/TB/travail_de_bachelor/project/play-java-seed/app/model/entities/effect/StatChangingEffect.java. Using fallback presentation compiler.[0m
Jul 06, 2026 3:14:15 PM org.eclipse.lsp4j.jsonrpc.RemoteEndpoint handleCancellation
WARNING: Unmatched cancel notification for request id 59
2026.07.06 15:14:15 INFO  no build target found for /mnt/c/Users/Vivobook Pro/Documents/HEIG-VD/TB/travail_de_bachelor/project/play-java-seed/app/model/entities/effect/StatChangingEffect.java. Using fallback presentation compiler.[0m
2026.07.06 15:14:14 INFO  no build target found for /mnt/c/Users/Vivobook Pro/Documents/HEIG-VD/TB/travail_de_bachelor/project/play-java-seed/app/model/entities/effect/StatChangingEffect.java. Using fallback presentation compiler.[0m
Jul 06, 2026 3:14:15 PM org.eclipse.lsp4j.jsonrpc.RemoteEndpoint handleCancellation
WARNING: Unmatched cancel notification for request id 61
2026.07.06 15:14:14 INFO  no build target found for /mnt/c/Users/Vivobook Pro/Documents/HEIG-VD/TB/travail_de_bachelor/project/play-java-seed/app/model/entities/effect/StatChangingEffect.java. Using fallback presentation compiler.[0m
2026.07.06 15:14:17 INFO  no build target found for /mnt/c/Users/Vivobook Pro/Documents/HEIG-VD/TB/travail_de_bachelor/project/play-java-seed/app/model/entities/effect/StatChangingEffect.java. Using fallback presentation compiler.[0m
2026.07.06 15:14:21 INFO  no build target found for /mnt/c/Users/Vivobook Pro/Documents/HEIG-VD/TB/travail_de_bachelor/project/play-java-seed/app/model/entities/effect/scaling/ScalingEffect.java. Using fallback presentation compiler.[0m
2026.07.06 15:14:21 WARN  no build target for: /mnt/c/Users/Vivobook Pro/Documents/HEIG-VD/TB/travail_de_bachelor/project/play-java-seed/app/model/entities/effect/scaling/ScalingEffect.java[0m
Jul 06, 2026 3:14:21 PM org.eclipse.lsp4j.jsonrpc.RemoteEndpoint handleCancellation
WARNING: Unmatched cancel notification for request id 66
2026.07.06 15:14:21 INFO  no build target found for /mnt/c/Users/Vivobook Pro/Documents/HEIG-VD/TB/travail_de_bachelor/project/play-java-seed/app/model/entities/effect/scaling/ScalingEffect.java. Using fallback presentation compiler.[0m
2026.07.06 15:14:21 INFO  no build target found for /mnt/c/Users/Vivobook Pro/Documents/HEIG-VD/TB/travail_de_bachelor/project/play-java-seed/app/model/entities/effect/scaling/ScalingEffect.java. Using fallback presentation compiler.[0m
Jul 06, 2026 3:14:22 PM org.eclipse.lsp4j.jsonrpc.RemoteEndpoint handleCancellation
WARNING: Unmatched cancel notification for request id 70
2026.07.06 15:14:22 INFO  no build target found for /mnt/c/Users/Vivobook Pro/Documents/HEIG-VD/TB/travail_de_bachelor/project/play-java-seed/app/model/entities/effect/scaling/ScalingEffect.java. Using fallback presentation compiler.[0m
2026.07.06 15:14:22 INFO  no build target found for /mnt/c/Users/Vivobook Pro/Documents/HEIG-VD/TB/travail_de_bachelor/project/play-java-seed/app/model/entities/effect/scaling/ScalingEffect.java. Using fallback presentation compiler.[0m
2026.07.06 15:15:05 INFO  no build target found for /mnt/c/Users/Vivobook Pro/Documents/HEIG-VD/TB/travail_de_bachelor/project/play-java-seed/app/model/entities/event/ChangingShopEvent.java. Using fallback presentation compiler.[0m
2026.07.06 15:15:05 WARN  no build target for: /mnt/c/Users/Vivobook Pro/Documents/HEIG-VD/TB/travail_de_bachelor/project/play-java-seed/app/model/entities/event/ChangingShopEvent.java[0m
2026.07.06 15:15:05 WARN  Running javac-semanticdb failed for file:///mnt/c/Users/Vivobook%20Pro/Documents/HEIG-VD/TB/travail_de_bachelor/project/play-java-seed/app/model/entities/event/ChangingShopEvent.java. Output:
[0m
2026.07.06 15:15:05 INFO  no build target found for /mnt/c/Users/Vivobook Pro/Documents/HEIG-VD/TB/travail_de_bachelor/project/play-java-seed/app/model/entities/effect/scaling/ScalingEffect.java. Using fallback presentation compiler.[0m
2026.07.06 15:15:07 INFO  no build target found for /mnt/c/Users/Vivobook Pro/Documents/HEIG-VD/TB/travail_de_bachelor/project/play-java-seed/app/model/entities/event/ChangingGoldEvent.java. Using fallback presentation compiler.[0m
2026.07.06 15:15:07 WARN  no build target for: /mnt/c/Users/Vivobook Pro/Documents/HEIG-VD/TB/travail_de_bachelor/project/play-java-seed/app/model/entities/event/ChangingGoldEvent.java[0m
Jul 06, 2026 3:15:07 PM org.eclipse.lsp4j.jsonrpc.RemoteEndpoint handleCancellation
WARNING: Unmatched cancel notification for request id 76
2026.07.06 15:15:07 INFO  no build target found for /mnt/c/Users/Vivobook Pro/Documents/HEIG-VD/TB/travail_de_bachelor/project/play-java-seed/app/model/entities/event/ChangingGoldEvent.java. Using fallback presentation compiler.[0m
2026.07.06 15:15:07 INFO  no build target found for /mnt/c/Users/Vivobook Pro/Documents/HEIG-VD/TB/travail_de_bachelor/project/play-java-seed/app/model/entities/event/ChangingGoldEvent.java. Using fallback presentation compiler.[0m
Jul 06, 2026 3:15:08 PM org.eclipse.lsp4j.jsonrpc.RemoteEndpoint handleCancellation
WARNING: Unmatched cancel notification for request id 80
2026.07.06 15:15:08 INFO  no build target found for /mnt/c/Users/Vivobook Pro/Documents/HEIG-VD/TB/travail_de_bachelor/project/play-java-seed/app/model/entities/event/ChangingGoldEvent.java. Using fallback presentation compiler.[0m
2026.07.06 15:15:08 INFO  no build target found for /mnt/c/Users/Vivobook Pro/Documents/HEIG-VD/TB/travail_de_bachelor/project/play-java-seed/app/model/entities/event/ChangingGoldEvent.java. Using fallback presentation compiler.[0m
2026.07.06 15:15:20 INFO  no build target found for /mnt/c/Users/Vivobook Pro/Documents/HEIG-VD/TB/travail_de_bachelor/project/play-java-seed/app/model/entities/event/LosingHealthEvent.java. Using fallback presentation compiler.[0m
2026.07.06 15:15:20 WARN  no build target for: /mnt/c/Users/Vivobook Pro/Documents/HEIG-VD/TB/travail_de_bachelor/project/play-java-seed/app/model/entities/event/LosingHealthEvent.java[0m
Jul 06, 2026 3:15:20 PM org.eclipse.lsp4j.jsonrpc.RemoteEndpoint handleCancellation
WARNING: Unmatched cancel notification for request id 85
2026.07.06 15:15:20 INFO  no build target found for /mnt/c/Users/Vivobook Pro/Documents/HEIG-VD/TB/travail_de_bachelor/project/play-java-seed/app/model/entities/event/LosingHealthEvent.java. Using fallback presentation compiler.[0m
2026.07.06 15:15:20 INFO  no build target found for /mnt/c/Users/Vivobook Pro/Documents/HEIG-VD/TB/travail_de_bachelor/project/play-java-seed/app/model/entities/event/LosingHealthEvent.java. Using fallback presentation compiler.[0m
Jul 06, 2026 3:15:21 PM org.eclipse.lsp4j.jsonrpc.RemoteEndpoint handleCancellation
WARNING: Unmatched cancel notification for request id 89
2026.07.06 15:15:21 INFO  no build target found for /mnt/c/Users/Vivobook Pro/Documents/HEIG-VD/TB/travail_de_bachelor/project/play-java-seed/app/model/entities/event/LosingHealthEvent.java. Using fallback presentation compiler.[0m
2026.07.06 15:15:21 INFO  no build target found for /mnt/c/Users/Vivobook Pro/Documents/HEIG-VD/TB/travail_de_bachelor/project/play-java-seed/app/model/entities/event/LosingHealthEvent.java. Using fallback presentation compiler.[0m
2026.07.06 15:15:21 INFO  no build target found for /mnt/c/Users/Vivobook Pro/Documents/HEIG-VD/TB/travail_de_bachelor/project/play-java-seed/app/model/entities/unit/strategie/Strategie.java. Using fallback presentation compiler.[0m
2026.07.06 15:15:22 WARN  no build target for: /mnt/c/Users/Vivobook Pro/Documents/HEIG-VD/TB/travail_de_bachelor/project/play-java-seed/app/model/entities/unit/strategie/Strategie.java[0m
Jul 06, 2026 3:15:22 PM org.eclipse.lsp4j.jsonrpc.RemoteEndpoint handleCancellation
WARNING: Unmatched cancel notification for request id 93
2026.07.06 15:15:21 INFO  no build target found for /mnt/c/Users/Vivobook Pro/Documents/HEIG-VD/TB/travail_de_bachelor/project/play-java-seed/app/model/entities/unit/strategie/Strategie.java. Using fallback presentation compiler.[0m
2026.07.06 15:15:22 INFO  no build target found for /mnt/c/Users/Vivobook Pro/Documents/HEIG-VD/TB/travail_de_bachelor/project/play-java-seed/app/model/entities/unit/strategie/Strategie.java. Using fallback presentation compiler.[0m
Jul 06, 2026 3:15:22 PM org.eclipse.lsp4j.jsonrpc.RemoteEndpoint handleCancellation
WARNING: Unmatched cancel notification for request id 97
2026.07.06 15:15:22 INFO  no build target found for /mnt/c/Users/Vivobook Pro/Documents/HEIG-VD/TB/travail_de_bachelor/project/play-java-seed/app/model/entities/unit/strategie/Strategie.java. Using fallback presentation compiler.[0m
2026.07.06 15:15:22 INFO  no build target found for /mnt/c/Users/Vivobook Pro/Documents/HEIG-VD/TB/travail_de_bachelor/project/play-java-seed/app/model/entities/unit/strategie/Strategie.java. Using fallback presentation compiler.[0m
2026.07.06 15:15:52 INFO  no build target found for /mnt/c/Users/Vivobook Pro/Documents/HEIG-VD/TB/travail_de_bachelor/project/play-java-seed/app/model/entities/unit/strategie/Strategie.java. Using fallback presentation compiler.[0m
2026.07.06 15:15:52 INFO  no build target found for /mnt/c/Users/Vivobook Pro/Documents/HEIG-VD/TB/travail_de_bachelor/project/play-java-seed/app/model/entities/unit/strategie/CurrentTargetStrategie.java. Using fallback presentation compiler.[0m
2026.07.06 15:15:52 WARN  no build target for: /mnt/c/Users/Vivobook Pro/Documents/HEIG-VD/TB/travail_de_bachelor/project/play-java-seed/app/model/entities/unit/strategie/CurrentTargetStrategie.java[0m
Jul 06, 2026 3:15:52 PM org.eclipse.lsp4j.jsonrpc.RemoteEndpoint handleCancellation
WARNING: Unmatched cancel notification for request id 102
2026.07.06 15:15:52 INFO  no build target found for /mnt/c/Users/Vivobook Pro/Documents/HEIG-VD/TB/travail_de_bachelor/project/play-java-seed/app/model/entities/unit/strategie/CurrentTargetStrategie.java. Using fallback presentation compiler.[0m
2026.07.06 15:15:53 WARN  no build target for: /mnt/c/Users/Vivobook Pro/Documents/HEIG-VD/TB/travail_de_bachelor/project/play-java-seed/app/model/entities/unit/strategie/Strategie.java[0m
2026.07.06 15:15:53 WARN  Running javac-semanticdb failed for file:///mnt/c/Users/Vivobook%20Pro/Documents/HEIG-VD/TB/travail_de_bachelor/project/play-java-seed/app/model/entities/unit/strategie/Strategie.java. Output:
[0m
Jul 06, 2026 3:15:53 PM org.eclipse.lsp4j.jsonrpc.RemoteEndpoint handleCancellation
WARNING: Unmatched cancel notification for request id 105
2026.07.06 15:15:53 INFO  no build target found for /mnt/c/Users/Vivobook Pro/Documents/HEIG-VD/TB/travail_de_bachelor/project/play-java-seed/app/model/entities/unit/strategie/CurrentTargetStrategie.java. Using fallback presentation compiler.[0m
Jul 06, 2026 3:15:53 PM org.eclipse.lsp4j.jsonrpc.RemoteEndpoint handleCancellation
WARNING: Unmatched cancel notification for request id 106
2026.07.06 15:15:53 INFO  no build target found for /mnt/c/Users/Vivobook Pro/Documents/HEIG-VD/TB/travail_de_bachelor/project/play-java-seed/app/model/entities/unit/strategie/CurrentTargetStrategie.java. Using fallback presentation compiler.[0m
2026.07.06 15:15:53 INFO  no build target found for /mnt/c/Users/Vivobook Pro/Documents/HEIG-VD/TB/travail_de_bachelor/project/play-java-seed/app/model/entities/unit/strategie/CurrentTargetStrategie.java. Using fallback presentation compiler.[0m
2026.07.06 15:15:55 INFO  no build target found for /mnt/c/Users/Vivobook Pro/Documents/HEIG-VD/TB/travail_de_bachelor/project/play-java-seed/app/model/entities/unit/strategie/CurrentTargetStrategie.java. Using fallback presentation compiler.[0m
2026.07.06 15:15:55 INFO  no build target found for /mnt/c/Users/Vivobook Pro/Documents/HEIG-VD/TB/travail_de_bachelor/project/play-java-seed/app/model/entities/Team.java. Using fallback presentation compiler.[0m
2026.07.06 15:15:55 WARN  Jul 06, 2026 3:15:55 PM org.eclipse.lsp4j.jsonrpc.RemoteEndpoint handleCancellation
WARNING: Unmatched cancel notification for request id 1[0m
2026.07.06 15:15:55 INFO  no build target found for /mnt/c/Users/Vivobook Pro/Documents/HEIG-VD/TB/travail_de_bachelor/project/play-java-seed/app/model/entities/Team.java. Using fallback presentation compiler.[0m
2026.07.06 15:15:55 WARN  no build target for: /mnt/c/Users/Vivobook Pro/Documents/HEIG-VD/TB/travail_de_bachelor/project/play-java-seed/app/model/entities/unit/strategie/CurrentTargetStrategie.java[0m
2026.07.06 15:15:55 WARN  Running javac-semanticdb failed for file:///mnt/c/Users/Vivobook%20Pro/Documents/HEIG-VD/TB/travail_de_bachelor/project/play-java-seed/app/model/entities/unit/strategie/CurrentTargetStrategie.java. Output:
[0m
Jul 06, 2026 3:15:56 PM org.eclipse.lsp4j.jsonrpc.RemoteEndpoint handleCancellation
WARNING: Unmatched cancel notification for request id 114
2026.07.06 15:15:56 INFO  no build target found for /mnt/c/Users/Vivobook Pro/Documents/HEIG-VD/TB/travail_de_bachelor/project/play-java-seed/app/model/entities/Team.java. Using fallback presentation compiler.[0m
Jul 06, 2026 3:15:56 PM org.eclipse.lsp4j.jsonrpc.RemoteEndpoint handleCancellation
WARNING: Unmatched cancel notification for request id 115
2026.07.06 15:15:56 INFO  no build target found for /mnt/c/Users/Vivobook Pro/Documents/HEIG-VD/TB/travail_de_bachelor/project/play-java-seed/app/model/entities/Team.java. Using fallback presentation compiler.[0m
2026.07.06 15:15:56 INFO  no build target found for /mnt/c/Users/Vivobook Pro/Documents/HEIG-VD/TB/travail_de_bachelor/project/play-java-seed/app/model/entities/Team.java. Using fallback presentation compiler.[0m
2026.07.06 15:15:57 INFO  no build target found for /mnt/c/Users/Vivobook Pro/Documents/HEIG-VD/TB/travail_de_bachelor/project/play-java-seed/app/model/entities/Team.java. Using fallback presentation compiler.[0m
2026.07.06 15:15:59 INFO  no build target found for /mnt/c/Users/Vivobook Pro/Documents/HEIG-VD/TB/travail_de_bachelor/project/play-java-seed/app/model/entities/Team.java. Using fallback presentation compiler.[0m
2026.07.06 15:15:59 INFO  no build target found for /mnt/c/Users/Vivobook Pro/Documents/HEIG-VD/TB/travail_de_bachelor/project/play-java-seed/app/model/entities/Round.java. Using fallback presentation compiler.[0m
2026.07.06 15:15:59 INFO  no build target found for /mnt/c/Users/Vivobook Pro/Documents/HEIG-VD/TB/travail_de_bachelor/project/play-java-seed/app/model/entities/unit/Unit.java. Using fallback presentation compiler.[0m
2026.07.06 15:15:59 INFO  no build target found for /mnt/c/Users/Vivobook Pro/Documents/HEIG-VD/TB/travail_de_bachelor/project/play-java-seed/app/model/entities/unit/InstanceUnit.java. Using fallback presentation compiler.[0m
2026.07.06 15:15:59 INFO  no build target found for /mnt/c/Users/Vivobook Pro/Documents/HEIG-VD/TB/travail_de_bachelor/project/play-java-seed/app/model/entities/unit/Object.java. Using fallback presentation compiler.[0m
2026.07.06 15:15:59 INFO  no build target found for /mnt/c/Users/Vivobook Pro/Documents/HEIG-VD/TB/travail_de_bachelor/project/play-java-seed/app/model/entities/unit/AbilityFragment.java. Using fallback presentation compiler.[0m
2026.07.06 15:15:59 INFO  no build target found for /mnt/c/Users/Vivobook Pro/Documents/HEIG-VD/TB/travail_de_bachelor/project/play-java-seed/app/model/entities/User.java. Using fallback presentation compiler.[0m
2026.07.06 15:15:59 INFO  no build target found for /mnt/c/Users/Vivobook Pro/Documents/HEIG-VD/TB/travail_de_bachelor/project/play-java-seed/app/model/entities/game/Game.java. Using fallback presentation compiler.[0m
2026.07.06 15:15:59 INFO  no build target found for /mnt/c/Users/Vivobook Pro/Documents/HEIG-VD/TB/travail_de_bachelor/project/play-java-seed/app/model/entities/game/Pool.java. Using fallback presentation compiler.[0m
2026.07.06 15:15:59 INFO  no build target found for /mnt/c/Users/Vivobook Pro/Documents/HEIG-VD/TB/travail_de_bachelor/project/play-java-seed/app/model/entities/game/PoolEntry.java. Using fallback presentation compiler.[0m
2026.07.06 15:15:59 INFO  no build target found for /mnt/c/Users/Vivobook Pro/Documents/HEIG-VD/TB/travail_de_bachelor/project/play-java-seed/app/model/entities/Fight.java. Using fallback presentation compiler.[0m
2026.07.06 15:15:59 INFO  no build target found for /mnt/c/Users/Vivobook Pro/Documents/HEIG-VD/TB/travail_de_bachelor/project/play-java-seed/app/model/entities/effect/Effect.java. Using fallback presentation compiler.[0m
2026.07.06 15:15:59 INFO  no build target found for /mnt/c/Users/Vivobook Pro/Documents/HEIG-VD/TB/travail_de_bachelor/project/play-java-seed/app/model/entities/effect/scaling/ScalingEffect.java. Using fallback presentation compiler.[0m
2026.07.06 15:15:59 INFO  no build target found for /mnt/c/Users/Vivobook Pro/Documents/HEIG-VD/TB/travail_de_bachelor/project/play-java-seed/app/model/entities/event/Event.java. Using fallback presentation compiler.[0m
2026.07.06 15:15:59 INFO  no build target found for /mnt/c/Users/Vivobook Pro/Documents/HEIG-VD/TB/travail_de_bachelor/project/play-java-seed/app/model/entities/event/LevelingEvent.java. Using fallback presentation compiler.[0m
2026.07.06 15:15:59 WARN  no build target for: /mnt/c/Users/Vivobook Pro/Documents/HEIG-VD/TB/travail_de_bachelor/project/play-java-seed/app/model/entities/unit/Unit.java[0m
2026.07.06 15:15:59 WARN  Running javac-semanticdb failed for file:///mnt/c/Users/Vivobook%20Pro/Documents/HEIG-VD/TB/travail_de_bachelor/project/play-java-seed/app/model/entities/unit/Unit.java. Output:
[0m
2026.07.06 15:16:00 WARN  no build target for: /mnt/c/Users/Vivobook Pro/Documents/HEIG-VD/TB/travail_de_bachelor/project/play-java-seed/app/model/entities/Team.java[0m
2026.07.06 15:16:00 WARN  Running javac-semanticdb failed for file:///mnt/c/Users/Vivobook%20Pro/Documents/HEIG-VD/TB/travail_de_bachelor/project/play-java-seed/app/model/entities/Team.java. Output:
[0m
2026.07.06 15:16:00 WARN  no build target for: /mnt/c/Users/Vivobook Pro/Documents/HEIG-VD/TB/travail_de_bachelor/project/play-java-seed/app/model/entities/Round.java[0m
2026.07.06 15:15:59 WARN  Running javac-semanticdb failed for file:///mnt/c/Users/Vivobook%20Pro/Documents/HEIG-VD/TB/travail_de_bachelor/project/play-java-seed/app/model/entities/Round.java. Output:
[0m
2026.07.06 15:16:00 WARN  no build target for: /mnt/c/Users/Vivobook Pro/Documents/HEIG-VD/TB/travail_de_bachelor/project/play-java-seed/app/model/entities/User.java[0m
2026.07.06 15:16:00 WARN  Running javac-semanticdb failed for file:///mnt/c/Users/Vivobook%20Pro/Documents/HEIG-VD/TB/travail_de_bachelor/project/play-java-seed/app/model/entities/User.java. Output:
[0m
2026.07.06 15:16:01 WARN  no build target for: /mnt/c/Users/Vivobook Pro/Documents/HEIG-VD/TB/travail_de_bachelor/project/play-java-seed/app/model/entities/game/Pool.java[0m
2026.07.06 15:16:00 WARN  Running javac-semanticdb failed for file:///mnt/c/Users/Vivobook%20Pro/Documents/HEIG-VD/TB/travail_de_bachelor/project/play-java-seed/app/model/entities/game/Pool.java. Output:
[0m
2026.07.06 15:16:01 WARN  no build target for: /mnt/c/Users/Vivobook Pro/Documents/HEIG-VD/TB/travail_de_bachelor/project/play-java-seed/app/model/entities/unit/Object.java[0m
2026.07.06 15:16:00 WARN  Running javac-semanticdb failed for file:///mnt/c/Users/Vivobook%20Pro/Documents/HEIG-VD/TB/travail_de_bachelor/project/play-java-seed/app/model/entities/unit/Object.java. Output:
[0m
2026.07.06 15:16:02 WARN  no build target for: /mnt/c/Users/Vivobook Pro/Documents/HEIG-VD/TB/travail_de_bachelor/project/play-java-seed/app/model/entities/game/Game.java[0m
2026.07.06 15:16:02 WARN  Running javac-semanticdb failed for file:///mnt/c/Users/Vivobook%20Pro/Documents/HEIG-VD/TB/travail_de_bachelor/project/play-java-seed/app/model/entities/game/Game.java. Output:
[0m
2026.07.06 15:16:02 WARN  no build target for: /mnt/c/Users/Vivobook Pro/Documents/HEIG-VD/TB/travail_de_bachelor/project/play-java-seed/app/model/entities/unit/AbilityFragment.java[0m
2026.07.06 15:16:01 WARN  Running javac-semanticdb failed for file:///mnt/c/Users/Vivobook%20Pro/Documents/HEIG-VD/TB/travail_de_bachelor/project/play-java-seed/app/model/entities/unit/AbilityFragment.java. Output:
[0m
2026.07.06 15:16:02 WARN  no build target for: /mnt/c/Users/Vivobook Pro/Documents/HEIG-VD/TB/travail_de_bachelor/project/play-java-seed/app/model/entities/effect/Effect.java[0m
2026.07.06 15:16:02 WARN  Running javac-semanticdb failed for file:///mnt/c/Users/Vivobook%20Pro/Documents/HEIG-VD/TB/travail_de_bachelor/project/play-java-seed/app/model/entities/effect/Effect.java. Output:
[0m
2026.07.06 15:16:03 WARN  no build target for: /mnt/c/Users/Vivobook Pro/Documents/HEIG-VD/TB/travail_de_bachelor/project/play-java-seed/app/model/entities/event/LevelingEvent.java[0m
2026.07.06 15:16:03 WARN  Running javac-semanticdb failed for file:///mnt/c/Users/Vivobook%20Pro/Documents/HEIG-VD/TB/travail_de_bachelor/project/play-java-seed/app/model/entities/event/LevelingEvent.java. Output:
[0m
2026.07.06 15:16:03 WARN  no build target for: /mnt/c/Users/Vivobook Pro/Documents/HEIG-VD/TB/travail_de_bachelor/project/play-java-seed/app/model/entities/game/PoolEntry.java[0m
2026.07.06 15:16:03 WARN  Running javac-semanticdb failed for file:///mnt/c/Users/Vivobook%20Pro/Documents/HEIG-VD/TB/travail_de_bachelor/project/play-java-seed/app/model/entities/game/PoolEntry.java. Output:
[0m
2026.07.06 15:16:03 WARN  no build target for: /mnt/c/Users/Vivobook Pro/Documents/HEIG-VD/TB/travail_de_bachelor/project/play-java-seed/app/model/entities/event/Event.java[0m
2026.07.06 15:16:04 WARN  Running javac-semanticdb failed for file:///mnt/c/Users/Vivobook%20Pro/Documents/HEIG-VD/TB/travail_de_bachelor/project/play-java-seed/app/model/entities/event/Event.java. Output:
[0m
2026.07.06 15:16:04 WARN  no build target for: /mnt/c/Users/Vivobook Pro/Documents/HEIG-VD/TB/travail_de_bachelor/project/play-java-seed/app/model/entities/effect/scaling/ScalingEffect.java[0m
2026.07.06 15:16:04 WARN  Running javac-semanticdb failed for file:///mnt/c/Users/Vivobook%20Pro/Documents/HEIG-VD/TB/travail_de_bachelor/project/play-java-seed/app/model/entities/effect/scaling/ScalingEffect.java. Output:
[0m
2026.07.06 15:16:04 WARN  no build target for: /mnt/c/Users/Vivobook Pro/Documents/HEIG-VD/TB/travail_de_bachelor/project/play-java-seed/app/model/entities/Fight.java[0m
2026.07.06 15:16:04 WARN  Running javac-semanticdb failed for file:///mnt/c/Users/Vivobook%20Pro/Documents/HEIG-VD/TB/travail_de_bachelor/project/play-java-seed/app/model/entities/Fight.java. Output:
[0m
2026.07.06 15:16:04 INFO  no build target found for /mnt/c/Users/Vivobook Pro/Documents/HEIG-VD/TB/travail_de_bachelor/project/play-java-seed/app/model/entities/Team.java. Using fallback presentation compiler.[0m
2026.07.06 15:16:05 INFO  no build target found for /mnt/c/Users/Vivobook Pro/Documents/HEIG-VD/TB/travail_de_bachelor/project/play-java-seed/app/model/entities/Team.java. Using fallback presentation compiler.[0m
2026.07.06 15:16:05 INFO  no build target found for /mnt/c/Users/Vivobook Pro/Documents/HEIG-VD/TB/travail_de_bachelor/project/play-java-seed/app/model/entities/Team.java. Using fallback presentation compiler.[0m
2026.07.06 15:16:07 INFO  no build target found for /mnt/c/Users/Vivobook Pro/Documents/HEIG-VD/TB/travail_de_bachelor/project/play-java-seed/app/model/entities/Team.java. Using fallback presentation compiler.[0m
2026.07.06 15:17:18 INFO  no build target found for /mnt/c/Users/Vivobook Pro/Documents/HEIG-VD/TB/travail_de_bachelor/project/play-java-seed/app/model/entities/Team.java. Using fallback presentation compiler.[0m
2026.07.06 15:17:19 WARN  Running javac-semanticdb failed for file:///mnt/c/Users/Vivobook%20Pro/Documents/HEIG-VD/TB/travail_de_bachelor/project/play-java-seed/app/model/entities/Team.java. Output:
[0m
2026.07.06 15:17:20 INFO  no build target found for /mnt/c/Users/Vivobook Pro/Documents/HEIG-VD/TB/travail_de_bachelor/project/play-java-seed/app/model/entities/Team.java. Using fallback presentation compiler.[0m
2026.07.06 20:04:38 INFO  no build target found for /mnt/c/Users/Vivobook Pro/Documents/HEIG-VD/TB/travail_de_bachelor/project/play-java-seed/app/model/entities/Team.java. Using fallback presentation compiler.[0m
2026.07.06 20:04:38 WARN  Running javac-semanticdb failed for file:///mnt/c/Users/Vivobook%20Pro/Documents/HEIG-VD/TB/travail_de_bachelor/project/play-java-seed/app/model/entities/Team.java. Output:
[0m
2026.07.06 20:04:39 INFO  no build target found for /mnt/c/Users/Vivobook Pro/Documents/HEIG-VD/TB/travail_de_bachelor/project/play-java-seed/app/model/entities/Team.java. Using fallback presentation compiler.[0m
2026.07.06 20:04:40 INFO  Shutting down server[0m
2026.07.06 20:04:40 INFO  Memory monitor stopped[0m
2026.07.06 20:04:40 INFO  shutting down Metals[0m
2026.07.06 20:04:40 INFO  Exiting server[0m
